id-DBW,id-BDL,wojewodztwo kod,nazwa-GUS,nazwa-PKW,kod-TERYT,wojewodztwo,powiat-wojewodztwo
35070,30210101000,302,Powiat bolesławiecki,bolesławiecki,20100,dolnośląskie,"powiat bolesławiecki, dolnośląskie"
35209,30210302000,302,Powiat dzierżoniowski,dzierżoniowski,20200,dolnośląskie,"powiat dzierżoniowski, dolnośląskie"
35159,30210203000,302,Powiat głogowski,głogowski,20300,dolnośląskie,"powiat głogowski, dolnośląskie"
35166,30210204000,302,Powiat górowski,górowski,20400,dolnośląskie,"powiat górowski, dolnośląskie"
35079,30210105000,302,Powiat jaworski,jaworski,20500,dolnośląskie,"powiat jaworski, dolnośląskie"
46493,30210106000,302,Powiat karkonoski,karkonoski,20600,dolnośląskie,"powiat karkonoski, dolnośląskie"
35098,30210107000,302,Powiat kamiennogórski,kamiennogórski,20700,dolnośląskie,"powiat kamiennogórski, dolnośląskie"
35221,30210308000,302,Powiat kłodzki,kłodzki,20800,dolnośląskie,"powiat kłodzki, dolnośląskie"
35175,30210209000,302,Powiat legnicki,legnicki,20900,dolnośląskie,"powiat legnicki, dolnośląskie"
35105,30210110000,302,Powiat lubański,lubański,21000,dolnośląskie,"powiat lubański, dolnośląskie"
35186,30210211000,302,Powiat lubiński,lubiński,21100,dolnośląskie,"powiat lubiński, dolnośląskie"
35117,30210112000,302,Powiat lwówecki,lwówecki,21200,dolnośląskie,"powiat lwówecki, dolnośląskie"
35295,30210413000,302,Powiat milicki,milicki,21300,dolnośląskie,"powiat milicki, dolnośląskie"
35301,30210414000,302,Powiat oleśnicki,oleśnicki,21400,dolnośląskie,"powiat oleśnicki, dolnośląskie"
35318,30210415000,302,Powiat oławski,oławski,21500,dolnośląskie,"powiat oławski, dolnośląskie"
35193,30210216000,302,Powiat polkowicki,polkowicki,21600,dolnośląskie,"powiat polkowicki, dolnośląskie"
35325,30210417000,302,Powiat strzeliński,strzeliński,21700,dolnośląskie,"powiat strzeliński, dolnośląskie"
35335,30210418000,302,Powiat średzki,średzki,21800,dolnośląskie,"powiat średzki, dolnośląskie"
35248,30210319000,302,Powiat świdnicki,świdnicki,21900,dolnośląskie,"powiat świdnicki, dolnośląskie"
35343,30210420000,302,Powiat trzebnicki,trzebnicki,22000,dolnośląskie,"powiat trzebnicki, dolnośląskie"
35263,30210321000,302,Powiat wałbrzyski,wałbrzyski,22100,dolnośląskie,"powiat wałbrzyski, dolnośląskie"
35358,30210422000,302,Powiat wołowski,wołowski,22200,dolnośląskie,"powiat wołowski, dolnośląskie"
35366,30210423000,302,Powiat wrocławski,wrocławski,22300,dolnośląskie,"powiat wrocławski, dolnośląskie"
35276,30210324000,302,Powiat ząbkowicki,ząbkowicki,22400,dolnośląskie,"powiat ząbkowicki, dolnośląskie"
35133,30210125000,302,Powiat zgorzelecki,zgorzelecki,22500,dolnośląskie,"powiat zgorzelecki, dolnośląskie"
35147,30210126000,302,Powiat złotoryjski,złotoryjski,22600,dolnośląskie,"powiat złotoryjski, dolnośląskie"
35156,30210161000,302,Powiat m. Jelenia Góra,Jelenia Góra,26100,dolnośląskie,"powiat Jelenia Góra, dolnośląskie"
35156,30210161000,302,Powiat m. Jelenia Góra,Jelenia Góra,26101,dolnośląskie,"powiat Jelenia Góra, dolnośląskie"
35206,30210262000,302,Powiat m. Legnica,Legnica,26200,dolnośląskie,"powiat Legnica, dolnośląskie"
35206,30210262000,302,Powiat m. Legnica,Legnica,26201,dolnośląskie,"powiat Legnica, dolnośląskie"
35383,30210564000,302,Powiat m. Wrocław,Wrocław,26400,dolnośląskie,"powiat Wrocław, dolnośląskie"
35383,30210564000,302,Powiat m. Wrocław,Wrocław,26401,dolnośląskie,"powiat Wrocław, dolnośląskie"
35292,30210365000,302,Powiat m. Wałbrzych,Wałbrzych,26500,dolnośląskie,"powiat Wałbrzych, dolnośląskie"
35292,30210365000,302,Powiat m. Wałbrzych,Wałbrzych,26501,dolnośląskie,"powiat Wałbrzych, dolnośląskie"
35632,40410801000,404,Powiat aleksandrowski,aleksandrowski,40100,kujawsko-pomorskie,"powiat aleksandrowski, kujawsko-pomorskie"
35573,40410702000,404,Powiat brodnicki,brodnicki,40200,kujawsko-pomorskie,"powiat brodnicki, kujawsko-pomorskie"
35545,40410603000,404,Powiat bydgoski,bydgoski,40300,kujawsko-pomorskie,"powiat bydgoski, kujawsko-pomorskie"
35588,40410704000,404,Powiat chełmiński,chełmiński,40400,kujawsko-pomorskie,"powiat chełmiński, kujawsko-pomorskie"
35596,40410705000,404,Powiat golubsko-dobrzyński,golubsko-dobrzyński,40500,kujawsko-pomorskie,"powiat golubsko-dobrzyński, kujawsko-pomorskie"
35605,40410706000,404,Powiat grudziądzki,grudziądzki,40600,kujawsko-pomorskie,"powiat grudziądzki, kujawsko-pomorskie"
35693,40416707000,404,Powiat inowrocławski,inowrocławski,40700,kujawsko-pomorskie,"powiat inowrocławski, kujawsko-pomorskie"
35642,40410808000,404,Powiat lipnowski,lipnowski,40800,kujawsko-pomorskie,"powiat lipnowski, kujawsko-pomorskie"
35711,40416709000,404,Powiat mogileński,mogileński,40900,kujawsko-pomorskie,"powiat mogileński, kujawsko-pomorskie"
35720,40416710000,404,Powiat nakielski,nakielski,41000,kujawsko-pomorskie,"powiat nakielski, kujawsko-pomorskie"
35656,40410811000,404,Powiat radziejowski,radziejowski,41100,kujawsko-pomorskie,"powiat radziejowski, kujawsko-pomorskie"
35616,40410712000,404,Powiat rypiński,rypiński,41200,kujawsko-pomorskie,"powiat rypiński, kujawsko-pomorskie"
35750,40416813000,404,Powiat sępoleński,sępoleński,41300,kujawsko-pomorskie,"powiat sępoleński, kujawsko-pomorskie"
35761,40416814000,404,Powiat świecki,świecki,41400,kujawsko-pomorskie,"powiat świecki, kujawsko-pomorskie"
35558,40410615000,404,Powiat toruński,toruński,41500,kujawsko-pomorskie,"powiat toruński, kujawsko-pomorskie"
35777,40416816000,404,Powiat tucholski,tucholski,41600,kujawsko-pomorskie,"powiat tucholski, kujawsko-pomorskie"
35623,40410717000,404,Powiat wąbrzeski,wąbrzeski,41700,kujawsko-pomorskie,"powiat wąbrzeski, kujawsko-pomorskie"
35666,40410818000,404,Powiat włocławski,włocławski,41800,kujawsko-pomorskie,"powiat włocławski, kujawsko-pomorskie"
35734,40416719000,404,Powiat żniński,żniński,41900,kujawsko-pomorskie,"powiat żniński, kujawsko-pomorskie"
35568,40410661000,404,Powiat m. Bydgoszcz,Bydgoszcz,46100,kujawsko-pomorskie,"powiat Bydgoszcz, kujawsko-pomorskie"
35568,40410661000,404,Powiat m. Bydgoszcz,Bydgoszcz,46101,kujawsko-pomorskie,"powiat Bydgoszcz, kujawsko-pomorskie"
35629,40410762000,404,Powiat m. Grudziądz,Grudziądz,46200,kujawsko-pomorskie,"powiat Grudziądz, kujawsko-pomorskie"
35629,40410762000,404,Powiat m. Grudziądz,Grudziądz,46201,kujawsko-pomorskie,"powiat Grudziądz, kujawsko-pomorskie"
35570,40410663000,404,Powiat m. Toruń,Toruń,46300,kujawsko-pomorskie,"powiat Toruń, kujawsko-pomorskie"
35570,40410663000,404,Powiat m. Toruń,Toruń,46301,kujawsko-pomorskie,"powiat Toruń, kujawsko-pomorskie"
35690,40410864000,404,Powiat m. Włocławek,Włocławek,46400,kujawsko-pomorskie,"powiat Włocławek, kujawsko-pomorskie"
35690,40410864000,404,Powiat m. Włocławek,Włocławek,46401,kujawsko-pomorskie,"powiat Włocławek, kujawsko-pomorskie"
36630,60610901000,606,Powiat bialski,bialski,60100,lubelskie,"powiat bialski, lubelskie"
36681,60611002000,606,Powiat biłgorajski,biłgorajski,60200,lubelskie,"powiat biłgorajski, lubelskie"
36702,60611003000,606,Powiat chełmski,chełmski,60300,lubelskie,"powiat chełmski, lubelskie"
36722,60611004000,606,Powiat hrubieszowski,hrubieszowski,60400,lubelskie,"powiat hrubieszowski, lubelskie"
36848,60611205000,606,Powiat janowski,janowski,60500,lubelskie,"powiat janowski, lubelskie"
36731,60611006000,606,Powiat krasnostawski,krasnostawski,60600,lubelskie,"powiat krasnostawski, lubelskie"
36860,60611207000,606,Powiat kraśnicki,kraśnicki,60700,lubelskie,"powiat kraśnicki, lubelskie"
36789,60611108000,606,Powiat lubartowski,lubartowski,60800,lubelskie,"powiat lubartowski, lubelskie"
36807,60611109000,606,Powiat lubelski,lubelski,60900,lubelskie,"powiat lubelski, lubelskie"
36828,60611110000,606,Powiat łęczyński,łęczyński,61000,lubelskie,"powiat łęczyński, lubelskie"
36875,60611211000,606,Powiat łukowski,łukowski,61100,lubelskie,"powiat łukowski, lubelskie"
36887,60611212000,606,Powiat opolski,opolski,61200,lubelskie,"powiat opolski, lubelskie"
36650,60610913000,606,Powiat parczewski,parczewski,61300,lubelskie,"powiat parczewski, lubelskie"
36899,60611214000,606,Powiat puławski,puławski,61400,lubelskie,"powiat puławski, lubelskie"
36660,60610915000,606,Powiat radzyński,radzyński,61500,lubelskie,"powiat radzyński, lubelskie"
36915,60611216000,606,Powiat rycki,rycki,61600,lubelskie,"powiat rycki, lubelskie"
36837,60611117000,606,Powiat świdnicki,świdnicki,61700,lubelskie,"powiat świdnicki, lubelskie"
36742,60611018000,606,Powiat tomaszowski,tomaszowski,61800,lubelskie,"powiat tomaszowski, lubelskie"
36669,60610919000,606,Powiat włodawski,włodawski,61900,lubelskie,"powiat włodawski, lubelskie"
36762,60611020000,606,Powiat zamojski,zamojski,62000,lubelskie,"powiat zamojski, lubelskie"
36678,60610961000,606,Powiat m. Biała Podlaska,Biała Podlaska,66100,lubelskie,"powiat Biała Podlaska, lubelskie"
36678,60610961000,606,Powiat m. Biała Podlaska,Biała Podlaska,66101,lubelskie,"powiat Biała Podlaska, lubelskie"
36784,60611062000,606,Powiat m. Chełm,Chełm,66200,lubelskie,"powiat Chełm, lubelskie"
36784,60611062000,606,Powiat m. Chełm,Chełm,66201,lubelskie,"powiat Chełm, lubelskie"
36845,60611163000,606,Powiat m. Lublin,Lublin,66300,lubelskie,"powiat Lublin, lubelskie"
36845,60611163000,606,Powiat m. Lublin,Lublin,66301,lubelskie,"powiat Lublin, lubelskie"
36786,60611064000,606,Powiat m. Zamość,Zamość,66400,lubelskie,"powiat Zamość, lubelskie"
36786,60611064000,606,Powiat m. Zamość,Zamość,66401,lubelskie,"powiat Zamość, lubelskie"
34190,20811301000,208,Powiat gorzowski,gorzowski,80100,lubuskie,"powiat gorzowski, lubuskie"
34254,20811402000,208,Powiat krośnieński,krośnieński,80200,lubuskie,"powiat krośnieński, lubuskie"
34200,20811303000,208,Powiat międzyrzecki,międzyrzecki,80300,lubuskie,"powiat międzyrzecki, lubuskie"
34264,20811404000,208,Powiat nowosolski,nowosolski,80400,lubuskie,"powiat nowosolski, lubuskie"
34213,20811305000,208,Powiat słubicki,słubicki,80500,lubuskie,"powiat słubicki, lubuskie"
34227,20811306000,208,Powiat strzelecko-drezdenecki,strzelecko-drezdenecki,80600,lubuskie,"powiat strzelecko-drezdenecki, lubuskie"
34239,20811307000,208,Powiat sulęciński,sulęciński,80700,lubuskie,"powiat sulęciński, lubuskie"
34279,20811408000,208,Powiat świebodziński,świebodziński,80800,lubuskie,"powiat świebodziński, lubuskie"
34290,20811409000,208,Powiat zielonogórski,zielonogórski,80900,lubuskie,"powiat zielonogórski, lubuskie"
34310,20811410000,208,Powiat żagański,żagański,81000,lubuskie,"powiat żagański, lubuskie"
34326,20811411000,208,Powiat żarski,żarski,81100,lubuskie,"powiat żarski, lubuskie"
34341,20811412000,208,Powiat wschowski,wschowski,81200,lubuskie,"powiat wschowski, lubuskie"
34251,20811361000,208,Powiat m. Gorzów Wielkopolski,Gorzów Wielkopolski,86100,lubuskie,"powiat Gorzów Wielkopolski, lubuskie"
34251,20811361000,208,Powiat m. Gorzów Wielkopolski,Gorzów Wielkopolski,86101,lubuskie,"powiat Gorzów Wielkopolski, lubuskie"
34351,20811462000,208,Powiat m. Zielona Góra,Zielona Góra,86200,lubuskie,"powiat Zielona Góra, lubuskie"
34351,20811462000,208,Powiat m. Zielona Góra,Zielona Góra,86201,lubuskie,"powiat Zielona Góra, lubuskie"
36238,51011701000,510,Powiat bełchatowski,bełchatowski,100100,łódzkie,"powiat bełchatowski, łódzkie"
36393,51011902000,510,Powiat kutnowski,kutnowski,100200,łódzkie,"powiat kutnowski, łódzkie"
36312,51011803000,510,Powiat łaski,łaski,100300,łódzkie,"powiat łaski, łódzkie"
36409,51011904000,510,Powiat łęczycki,łęczycki,100400,łódzkie,"powiat łęczycki, łódzkie"
36418,51011905000,510,Powiat łowicki,łowicki,100500,łódzkie,"powiat łowicki, łódzkie"
36188,51011506000,510,Powiat łódzki wschodni,łódzki wschodni,100600,łódzkie,"powiat łódzki wschodni, łódzkie"
36249,51011707000,510,Powiat opoczyński,opoczyński,100700,łódzkie,"powiat opoczyński, łódzkie"
36201,51011508000,510,Powiat pabianicki,pabianicki,100800,łódzkie,"powiat pabianicki, łódzkie"
36320,51011809000,510,Powiat pajęczański,pajęczański,100900,łódzkie,"powiat pajęczański, łódzkie"
36262,51011710000,510,Powiat piotrkowski,piotrkowski,101000,łódzkie,"powiat piotrkowski, łódzkie"
36333,51011811000,510,Powiat poddębicki,poddębicki,101100,łódzkie,"powiat poddębicki, łódzkie"
36278,51011712000,510,Powiat radomszczański,radomszczański,101200,łódzkie,"powiat radomszczański, łódzkie"
36429,51011913000,510,Powiat rawski,rawski,101300,łódzkie,"powiat rawski, łódzkie"
36344,51011814000,510,Powiat sieradzki,sieradzki,101400,łódzkie,"powiat sieradzki, łódzkie"
36438,51011915000,510,Powiat skierniewicki,skierniewicki,101500,łódzkie,"powiat skierniewicki, łódzkie"
36297,51011716000,510,Powiat tomaszowski,tomaszowski,101600,łódzkie,"powiat tomaszowski, łódzkie"
36362,51011817000,510,Powiat wieluński,wieluński,101700,łódzkie,"powiat wieluński, łódzkie"
36375,51011818000,510,Powiat wieruszowski,wieruszowski,101800,łódzkie,"powiat wieruszowski, łódzkie"
36385,51011819000,510,Powiat zduńskowolski,zduńskowolski,101900,łódzkie,"powiat zduńskowolski, łódzkie"
36209,51011520000,510,Powiat zgierski,zgierski,102000,łódzkie,"powiat zgierski, łódzkie"
36223,51011521000,510,Powiat brzeziński,brzeziński,102100,łódzkie,"powiat brzeziński, łódzkie"
36230,51011661000,510,Powiat m. Łódź,Łódź,106100,łódzkie,"powiat Łódź, łódzkie"
36230,51011661000,510,Powiat m. Łódź,Łódź,106101,łódzkie,"powiat Łódź, łódzkie"
36309,51011762000,510,Powiat m. Piotrków Trybunalski,Piotrków Trybunalski,106200,łódzkie,"powiat Piotrków Trybunalski, łódzkie"
36309,51011762000,510,Powiat m. Piotrków Trybunalski,Piotrków Trybunalski,106201,łódzkie,"powiat Piotrków Trybunalski, łódzkie"
36448,51011963000,510,Powiat m. Skierniewice,Skierniewice,106300,łódzkie,"powiat Skierniewice, łódzkie"
36448,51011963000,510,Powiat m. Skierniewice,Skierniewice,106301,łódzkie,"powiat Skierniewice, łódzkie"
33622,11212001000,112,Powiat bocheński,bocheński,120100,małopolskie,"powiat bocheński, małopolskie"
33834,11212402000,112,Powiat brzeski,brzeski,120200,małopolskie,"powiat brzeski, małopolskie"
33773,11212303000,112,Powiat chrzanowski,chrzanowski,120300,małopolskie,"powiat chrzanowski, małopolskie"
33846,11212404000,112,Powiat dąbrowski,dąbrowski,120400,małopolskie,"powiat dąbrowski, małopolskie"
33717,11212205000,112,Powiat gorlicki,gorlicki,120500,małopolskie,"powiat gorlicki, małopolskie"
33634,11212006000,112,Powiat krakowski,krakowski,120600,małopolskie,"powiat krakowski, małopolskie"
33732,11212207000,112,Powiat limanowski,limanowski,120700,małopolskie,"powiat limanowski, małopolskie"
33662,11212008000,112,Powiat miechowski,miechowski,120800,małopolskie,"powiat miechowski, małopolskie"
33672,11212009000,112,Powiat myślenicki,myślenicki,120900,małopolskie,"powiat myślenicki, małopolskie"
33745,11212210000,112,Powiat nowosądecki,nowosądecki,121000,małopolskie,"powiat nowosądecki, małopolskie"
33892,11216911000,112,Powiat nowotarski,nowotarski,121100,małopolskie,"powiat nowotarski, małopolskie"
33787,11212312000,112,Powiat olkuski,olkuski,121200,małopolskie,"powiat olkuski, małopolskie"
33798,11212313000,112,Powiat oświęcimski,oświęcimski,121300,małopolskie,"powiat oświęcimski, małopolskie"
33688,11212014000,112,Powiat proszowicki,proszowicki,121400,małopolskie,"powiat proszowicki, małopolskie"
33911,11216915000,112,Powiat suski,suski,121500,małopolskie,"powiat suski, małopolskie"
33858,11212416000,112,Powiat tarnowski,tarnowski,121600,małopolskie,"powiat tarnowski, małopolskie"
33923,11216917000,112,Powiat tatrzański,tatrzański,121700,małopolskie,"powiat tatrzański, małopolskie"
33816,11212318000,112,Powiat wadowicki,wadowicki,121800,małopolskie,"powiat wadowicki, małopolskie"
33699,11212019000,112,Powiat wielicki,wielicki,121900,małopolskie,"powiat wielicki, małopolskie"
33710,11212161000,112,Powiat m. Kraków,Kraków,126100,małopolskie,"powiat Kraków, małopolskie"
33710,11212161000,112,Powiat m. Kraków,Kraków,126101,małopolskie,"powiat Kraków, małopolskie"
33770,11212262000,112,Powiat m. Nowy Sącz,Nowy Sącz,126200,małopolskie,"powiat Nowy Sącz, małopolskie"
33770,11212262000,112,Powiat m. Nowy Sącz,Nowy Sącz,126201,małopolskie,"powiat Nowy Sącz, małopolskie"
33889,11212463000,112,Powiat m. Tarnów,Tarnów,126300,małopolskie,"powiat Tarnów, małopolskie"
33889,11212463000,112,Powiat m. Tarnów,Tarnów,126301,małopolskie,"powiat Tarnów, małopolskie"
37644,71422701000,714,Powiat białobrzeski,białobrzeski,140100,mazowieckie,"powiat białobrzeski, mazowieckie"
37523,71422502000,714,Powiat ciechanowski,ciechanowski,140200,mazowieckie,"powiat ciechanowski, mazowieckie"
37761,71427103000,714,Powiat garwoliński,garwoliński,140300,mazowieckie,"powiat garwoliński, mazowieckie"
37722,71427004000,714,Powiat gostyniński,gostyniński,140400,mazowieckie,"powiat gostyniński, mazowieckie"
37463,71413005000,714,Powiat grodziski,grodziski,140500,mazowieckie,"powiat grodziski, mazowieckie"
37832,71427306000,714,Powiat grójecki,grójecki,140600,mazowieckie,"powiat grójecki, mazowieckie"
37655,71422707000,714,Powiat kozienicki,kozienicki,140700,mazowieckie,"powiat kozienicki, mazowieckie"
37404,71412908000,714,Powiat legionowski,legionowski,140800,mazowieckie,"powiat legionowski, mazowieckie"
37665,71422709000,714,Powiat lipski,lipski,140900,mazowieckie,"powiat lipski, mazowieckie"
37780,71427110000,714,Powiat łosicki,łosicki,141000,mazowieckie,"powiat łosicki, mazowieckie"
37581,71422611000,714,Powiat makowski,makowski,141100,mazowieckie,"powiat makowski, mazowieckie"
37412,71412912000,714,Powiat miński,miński,141200,mazowieckie,"powiat miński, mazowieckie"
37535,71422513000,714,Powiat mławski,mławski,141300,mazowieckie,"powiat mławski, mazowieckie"
37472,71413014000,714,Powiat nowodworski,nowodworski,141400,mazowieckie,"powiat nowodworski, mazowieckie"
37594,71422615000,714,Powiat ostrołęcki,ostrołęcki,141500,mazowieckie,"powiat ostrołęcki, mazowieckie"
37608,71422616000,714,Powiat ostrowski,ostrowski,141600,mazowieckie,"powiat ostrowski, mazowieckie"
37432,71412917000,714,Powiat otwocki,otwocki,141700,mazowieckie,"powiat otwocki, mazowieckie"
37483,71413018000,714,Powiat piaseczyński,piaseczyński,141800,mazowieckie,"powiat piaseczyński, mazowieckie"
37728,71427019000,714,Powiat płocki,płocki,141900,mazowieckie,"powiat płocki, mazowieckie"
37546,71422520000,714,Powiat płoński,płoński,142000,mazowieckie,"powiat płoński, mazowieckie"
37498,71413021000,714,Powiat pruszkowski,pruszkowski,142100,mazowieckie,"powiat pruszkowski, mazowieckie"
37622,71422622000,714,Powiat przasnyski,przasnyski,142200,mazowieckie,"powiat przasnyski, mazowieckie"
37674,71422723000,714,Powiat przysuski,przysuski,142300,mazowieckie,"powiat przysuski, mazowieckie"
37559,71422524000,714,Powiat pułtuski,pułtuski,142400,mazowieckie,"powiat pułtuski, mazowieckie"
37685,71422725000,714,Powiat radomski,radomski,142500,mazowieckie,"powiat radomski, mazowieckie"
37789,71427126000,714,Powiat siedlecki,siedlecki,142600,mazowieckie,"powiat siedlecki, mazowieckie"
37750,71427027000,714,Powiat sierpecki,sierpecki,142700,mazowieckie,"powiat sierpecki, mazowieckie"
37851,71427328000,714,Powiat sochaczewski,sochaczewski,142800,mazowieckie,"powiat sochaczewski, mazowieckie"
37805,71427129000,714,Powiat sokołowski,sokołowski,142900,mazowieckie,"powiat sokołowski, mazowieckie"
37703,71422730000,714,Powiat szydłowiecki,szydłowiecki,143000,mazowieckie,"powiat szydłowiecki, mazowieckie"
37507,71413032000,714,Powiat warszawski zachodni,warszawski zachodni,143200,mazowieckie,"powiat warszawski zachodni, mazowieckie"
37817,71427133000,714,Powiat węgrowski,węgrowski,143300,mazowieckie,"powiat węgrowski, mazowieckie"
37443,71412934000,714,Powiat wołomiński,wołomiński,143400,mazowieckie,"powiat wołomiński, mazowieckie"
37632,71422635000,714,Powiat wyszkowski,wyszkowski,143500,mazowieckie,"powiat wyszkowski, mazowieckie"
37711,71422736000,714,Powiat zwoleński,zwoleński,143600,mazowieckie,"powiat zwoleński, mazowieckie"
37569,71422537000,714,Powiat żuromiński,żuromiński,143700,mazowieckie,"powiat żuromiński, mazowieckie"
37860,71427338000,714,Powiat żyrardowski,żyrardowski,143800,mazowieckie,"powiat żyrardowski, mazowieckie"
37641,71422661000,714,Powiat m. Ostrołęka,Ostrołęka,146100,mazowieckie,"powiat Ostrołęka, mazowieckie"
37641,71422661000,714,Powiat m. Ostrołęka,Ostrołęka,146101,mazowieckie,"powiat Ostrołęka, mazowieckie"
37758,71427062000,714,Powiat m. Płock,Płock,146200,mazowieckie,"powiat Płock, mazowieckie"
37758,71427062000,714,Powiat m. Płock,Płock,146201,mazowieckie,"powiat Płock, mazowieckie"
37719,71422763000,714,Powiat m. Radom,Radom,146300,mazowieckie,"powiat Radom, mazowieckie"
37719,71422763000,714,Powiat m. Radom,Radom,146301,mazowieckie,"powiat Radom, mazowieckie"
37829,71427164000,714,Powiat m. Siedlce,Siedlce,146400,mazowieckie,"powiat Siedlce, mazowieckie"
37829,71427164000,714,Powiat m. Siedlce,Siedlce,146401,mazowieckie,"powiat Siedlce, mazowieckie"
37383,71412865000,714,Powiat m. st. Warszawa,Warszawa,146500,mazowieckie,"powiat Warszawa, mazowieckie"
37383,71412865000,714,Powiat m. st. Warszawa,Warszawa,146501,mazowieckie,"powiat Warszawa, mazowieckie"
35393,31613101000,316,Powiat brzeski,brzeski,160100,opolskie,"powiat brzeski, opolskie"
35404,31613102000,316,Powiat głubczycki,głubczycki,160200,opolskie,"powiat głubczycki, opolskie"
35455,31613203000,316,Powiat kędzierzyńsko-kozielski,kędzierzyńsko-kozielski,160300,opolskie,"powiat kędzierzyńsko-kozielski, opolskie"
35462,31613204000,316,Powiat kluczborski,kluczborski,160400,opolskie,"powiat kluczborski, opolskie"
35473,31613205000,316,Powiat krapkowicki,krapkowicki,160500,opolskie,"powiat krapkowicki, opolskie"
35415,31613106000,316,Powiat namysłowski,namysłowski,160600,opolskie,"powiat namysłowski, opolskie"
35423,31613107000,316,Powiat nyski,nyski,160700,opolskie,"powiat nyski, opolskie"
35485,31613208000,316,Powiat oleski,oleski,160800,opolskie,"powiat oleski, opolskie"
35501,31613209000,316,Powiat opolski,opolski,160900,opolskie,"powiat opolski, opolskie"
35443,31613110000,316,Powiat prudnicki,prudnicki,161000,opolskie,"powiat prudnicki, opolskie"
35521,31613211000,316,Powiat strzelecki,strzelecki,161100,opolskie,"powiat strzelecki, opolskie"
35539,31613261000,316,Powiat m. Opole,Opole,166100,opolskie,"powiat Opole, opolskie"
35539,31613261000,316,Powiat m. Opole,Opole,166101,opolskie,"powiat Opole, opolskie"
36927,61813301000,618,Powiat bieszczadzki,bieszczadzki,180100,podkarpackie,"powiat bieszczadzki, podkarpackie"
36933,61813302000,618,Powiat brzozowski,brzozowski,180200,podkarpackie,"powiat brzozowski, podkarpackie"
37116,61813603000,618,Powiat dębicki,dębicki,180300,podkarpackie,"powiat dębicki, podkarpackie"
36996,61813404000,618,Powiat jarosławski,jarosławski,180400,podkarpackie,"powiat jarosławski, podkarpackie"
36942,61813305000,618,Powiat jasielski,jasielski,180500,podkarpackie,"powiat jasielski, podkarpackie"
37053,61813506000,618,Powiat kolbuszowski,kolbuszowski,180600,podkarpackie,"powiat kolbuszowski, podkarpackie"
36955,61813307000,618,Powiat krośnieński,krośnieński,180700,podkarpackie,"powiat krośnieński, podkarpackie"
37128,61813608000,618,Powiat leżajski,leżajski,180800,podkarpackie,"powiat leżajski, podkarpackie"
37010,61813409000,618,Powiat lubaczowski,lubaczowski,180900,podkarpackie,"powiat lubaczowski, podkarpackie"
37062,61813510000,618,Powiat łańcucki,łańcucki,181000,podkarpackie,"powiat łańcucki, podkarpackie"
37136,61813611000,618,Powiat mielecki,mielecki,181100,podkarpackie,"powiat mielecki, podkarpackie"
37151,61813612000,618,Powiat niżański,niżański,181200,podkarpackie,"powiat niżański, podkarpackie"
37025,61813413000,618,Powiat przemyski,przemyski,181300,podkarpackie,"powiat przemyski, podkarpackie"
37036,61813414000,618,Powiat przeworski,przeworski,181400,podkarpackie,"powiat przeworski, podkarpackie"
37070,61813515000,618,Powiat ropczycko-sędziszowski,ropczycko-sędziszowski,181500,podkarpackie,"powiat ropczycko-sędziszowski, podkarpackie"
37080,61813516000,618,Powiat rzeszowski,rzeszowski,181600,podkarpackie,"powiat rzeszowski, podkarpackie"
36974,61813317000,618,Powiat sanocki,sanocki,181700,podkarpackie,"powiat sanocki, podkarpackie"
37165,61813618000,618,Powiat stalowowolski,stalowowolski,181800,podkarpackie,"powiat stalowowolski, podkarpackie"
37105,61813519000,618,Powiat strzyżowski,strzyżowski,181900,podkarpackie,"powiat strzyżowski, podkarpackie"
37174,61813620000,618,Powiat tarnobrzeski,tarnobrzeski,182000,podkarpackie,"powiat tarnobrzeski, podkarpackie"
36985,61813321000,618,Powiat leski,leski,182100,podkarpackie,"powiat leski, podkarpackie"
36993,61813361000,618,Powiat m. Krosno,Krosno,186100,podkarpackie,"powiat Krosno, podkarpackie"
36993,61813361000,618,Powiat m. Krosno,Krosno,186101,podkarpackie,"powiat Krosno, podkarpackie"
37050,61813462000,618,Powiat m. Przemyśl,Przemyśl,186200,podkarpackie,"powiat Przemyśl, podkarpackie"
37050,61813462000,618,Powiat m. Przemyśl,Przemyśl,186201,podkarpackie,"powiat Przemyśl, podkarpackie"
37113,61813563000,618,Powiat m. Rzeszów,Rzeszów,186300,podkarpackie,"powiat Rzeszów, podkarpackie"
37113,61813563000,618,Powiat m. Rzeszów,Rzeszów,186301,podkarpackie,"powiat Rzeszów, podkarpackie"
37183,61813664000,618,Powiat m. Tarnobrzeg,Tarnobrzeg,186400,podkarpackie,"powiat Tarnobrzeg, podkarpackie"
37183,61813664000,618,Powiat m. Tarnobrzeg,Tarnobrzeg,186401,podkarpackie,"powiat Tarnobrzeg, podkarpackie"
37326,62013901000,620,Powiat augustowski,augustowski,200100,podlaskie,"powiat augustowski, podlaskie"
37188,62013702000,620,Powiat białostocki,białostocki,200200,podlaskie,"powiat białostocki, podlaskie"
37244,62013803000,620,Powiat bielski,bielski,200300,podlaskie,"powiat bielski, podlaskie"
37336,62013904000,620,Powiat grajewski,grajewski,200400,podlaskie,"powiat grajewski, podlaskie"
37253,62013805000,620,Powiat hajnowski,hajnowski,200500,podlaskie,"powiat hajnowski, podlaskie"
37265,62013806000,620,Powiat kolneński,kolneński,200600,podlaskie,"powiat kolneński, podlaskie"
37274,62013807000,620,Powiat łomżyński,łomżyński,200700,podlaskie,"powiat łomżyński, podlaskie"
37347,62013908000,620,Powiat moniecki,moniecki,200800,podlaskie,"powiat moniecki, podlaskie"
37361,62013909000,620,Powiat sejneński,sejneński,200900,podlaskie,"powiat sejneński, podlaskie"
37288,62013810000,620,Powiat siemiatycki,siemiatycki,201000,podlaskie,"powiat siemiatycki, podlaskie"
37222,62013711000,620,Powiat sokólski,sokólski,201100,podlaskie,"powiat sokólski, podlaskie"
37367,62013912000,620,Powiat suwalski,suwalski,201200,podlaskie,"powiat suwalski, podlaskie"
37300,62013813000,620,Powiat wysokomazowiecki,wysokomazowiecki,201300,podlaskie,"powiat wysokomazowiecki, podlaskie"
37317,62013814000,620,Powiat zambrowski,zambrowski,201400,podlaskie,"powiat zambrowski, podlaskie"
37241,62013761000,620,Powiat m. Białystok,Białystok,206100,podlaskie,"powiat Białystok, podlaskie"
37241,62013761000,620,Powiat m. Białystok,Białystok,206101,podlaskie,"powiat Białystok, podlaskie"
37323,62013862000,620,Powiat m. Łomża,Łomża,206200,podlaskie,"powiat Łomża, podlaskie"
37323,62013862000,620,Powiat m. Łomża,Łomża,206201,podlaskie,"powiat Łomża, podlaskie"
37377,62013963000,620,Powiat m. Suwałki,Suwałki,206300,podlaskie,"powiat Suwałki, podlaskie"
37377,62013963000,620,Powiat m. Suwałki,Suwałki,206301,podlaskie,"powiat Suwałki, podlaskie"
35843,42214101000,422,Powiat bytowski,bytowski,220100,pomorskie,"powiat bytowski, pomorskie"
35945,42217202000,422,Powiat chojnicki,chojnicki,220200,pomorskie,"powiat chojnicki, pomorskie"
35955,42217203000,422,Powiat człuchowski,człuchowski,220300,pomorskie,"powiat człuchowski, pomorskie"
35789,42214004000,422,Powiat gdański,gdański,220400,pomorskie,"powiat gdański, pomorskie"
35798,42214005000,422,Powiat kartuski,kartuski,220500,pomorskie,"powiat kartuski, pomorskie"
35967,42217206000,422,Powiat kościerski,kościerski,220600,pomorskie,"powiat kościerski, pomorskie"
35880,42214207000,422,Powiat kwidzyński,kwidzyński,220700,pomorskie,"powiat kwidzyński, pomorskie"
35858,42214108000,422,Powiat lęborski,lęborski,220800,pomorskie,"powiat lęborski, pomorskie"
35889,42214209000,422,Powiat malborski,malborski,220900,pomorskie,"powiat malborski, pomorskie"
35811,42214010000,422,Powiat nowodworski,nowodworski,221000,pomorskie,"powiat nowodworski, pomorskie"
35819,42214011000,422,Powiat pucki,pucki,221100,pomorskie,"powiat pucki, pomorskie"
35864,42214112000,422,Powiat słupski,słupski,221200,pomorskie,"powiat słupski, pomorskie"
35898,42214213000,422,Powiat starogardzki,starogardzki,221300,pomorskie,"powiat starogardzki, pomorskie"
35916,42214214000,422,Powiat tczewski,tczewski,221400,pomorskie,"powiat tczewski, pomorskie"
35831,42214015000,422,Powiat wejherowski,wejherowski,221500,pomorskie,"powiat wejherowski, pomorskie"
35927,42214216000,422,Powiat sztumski,sztumski,221600,pomorskie,"powiat sztumski, pomorskie"
35938,42214361000,422,Powiat m. Gdańsk,Gdańsk,226100,pomorskie,"powiat Gdańsk, pomorskie"
35938,42214361000,422,Powiat m. Gdańsk,Gdańsk,226101,pomorskie,"powiat Gdańsk, pomorskie"
35940,42214362000,422,Powiat m. Gdynia,Gdynia,226200,pomorskie,"powiat Gdynia, pomorskie"
35940,42214362000,422,Powiat m. Gdynia,Gdynia,226201,pomorskie,"powiat Gdynia, pomorskie"
35877,42214163000,422,Powiat m. Słupsk,Słupsk,226300,pomorskie,"powiat Słupsk, pomorskie"
35877,42214163000,422,Powiat m. Słupsk,Słupsk,226301,pomorskie,"powiat Słupsk, pomorskie"
35942,42214364000,422,Powiat m. Sopot,Sopot,226400,pomorskie,"powiat Sopot, pomorskie"
35942,42214364000,422,Powiat m. Sopot,Sopot,226401,pomorskie,"powiat Sopot, pomorskie"
34126,12415001000,124,Powiat będziński,będziński,240100,śląskie,"powiat będziński, śląskie"
33932,12414402000,124,Powiat bielski,bielski,240200,śląskie,"powiat bielski, śląskie"
33947,12414403000,124,Powiat cieszyński,cieszyński,240300,śląskie,"powiat cieszyński, śląskie"
34009,12414604000,124,Powiat częstochowski,częstochowski,240400,śląskie,"powiat częstochowski, śląskie"
34057,12414705000,124,Powiat gliwicki,gliwicki,240500,śląskie,"powiat gliwicki, śląskie"
34030,12414606000,124,Powiat kłobucki,kłobucki,240600,śląskie,"powiat kłobucki, śląskie"
33983,12414507000,124,Powiat lubliniecki,lubliniecki,240700,śląskie,"powiat lubliniecki, śląskie"
34163,12415108000,124,Powiat mikołowski,mikołowski,240800,śląskie,"powiat mikołowski, śląskie"
34044,12414609000,124,Powiat myszkowski,myszkowski,240900,śląskie,"powiat myszkowski, śląskie"
34169,12415110000,124,Powiat pszczyński,pszczyński,241000,śląskie,"powiat pszczyński, śląskie"
34088,12414911000,124,Powiat raciborski,raciborski,241100,śląskie,"powiat raciborski, śląskie"
34101,12414912000,124,Powiat rybnicki,rybnicki,241200,śląskie,"powiat rybnicki, śląskie"
33994,12414513000,124,Powiat tarnogórski,tarnogórski,241300,śląskie,"powiat tarnogórski, śląskie"
34178,12415114000,124,Powiat bieruńsko-lędziński,bieruńsko-lędziński,241400,śląskie,"powiat bieruńsko-lędziński, śląskie"
34109,12414915000,124,Powiat wodzisławski,wodzisławski,241500,śląskie,"powiat wodzisławski, śląskie"
34137,12415016000,124,Powiat zawierciański,zawierciański,241600,śląskie,"powiat zawierciański, śląskie"
33964,12414417000,124,Powiat żywiecki,żywiecki,241700,śląskie,"powiat żywiecki, śląskie"
33980,12414461000,124,Powiat m. Bielsko-Biała,Bielsko-Biała,246100,śląskie,"powiat Bielsko-Biała, śląskie"
33980,12414461000,124,Powiat m. Bielsko-Biała,Bielsko-Biała,246101,śląskie,"powiat Bielsko-Biała, śląskie"
34004,12414562000,124,Powiat m. Bytom,Bytom,246200,śląskie,"powiat Bytom, śląskie"
34004,12414562000,124,Powiat m. Bytom,Bytom,246201,śląskie,"powiat Bytom, śląskie"
34075,12414863000,124,Powiat m. Chorzów,Chorzów,246300,śląskie,"powiat Chorzów, śląskie"
34075,12414863000,124,Powiat m. Chorzów,Chorzów,246301,śląskie,"powiat Chorzów, śląskie"
34054,12414664000,124,Powiat m. Częstochowa,Częstochowa,246400,śląskie,"powiat Częstochowa, śląskie"
34054,12414664000,124,Powiat m. Częstochowa,Częstochowa,246401,śląskie,"powiat Częstochowa, śląskie"
34156,12415065000,124,Powiat m. Dąbrowa Górnicza,Dąbrowa Górnicza,246500,śląskie,"powiat Dąbrowa Górnicza, śląskie"
34156,12415065000,124,Powiat m. Dąbrowa Górnicza,Dąbrowa Górnicza,246501,śląskie,"powiat Dąbrowa Górnicza, śląskie"
34070,12414766000,124,Powiat m. Gliwice,Gliwice,246600,śląskie,"powiat Gliwice, śląskie"
34070,12414766000,124,Powiat m. Gliwice,Gliwice,246601,śląskie,"powiat Gliwice, śląskie"
34119,12414967000,124,Powiat m. Jastrzębie-Zdrój,Jastrzębie-Zdrój,246700,śląskie,"powiat Jastrzębie-Zdrój, śląskie"
34119,12414967000,124,Powiat m. Jastrzębie-Zdrój,Jastrzębie-Zdrój,246701,śląskie,"powiat Jastrzębie-Zdrój, śląskie"
34158,12415068000,124,Powiat m. Jaworzno,Jaworzno,246800,śląskie,"powiat Jaworzno, śląskie"
34158,12415068000,124,Powiat m. Jaworzno,Jaworzno,246801,śląskie,"powiat Jaworzno, śląskie"
34077,12414869000,124,Powiat m. Katowice,Katowice,246900,śląskie,"powiat Katowice, śląskie"
34077,12414869000,124,Powiat m. Katowice,Katowice,246901,śląskie,"powiat Katowice, śląskie"
34079,12414870000,124,Powiat m. Mysłowice,Mysłowice,247000,śląskie,"powiat Mysłowice, śląskie"
34079,12414870000,124,Powiat m. Mysłowice,Mysłowice,247001,śląskie,"powiat Mysłowice, śląskie"
34006,12414571000,124,Powiat m. Piekary śląskie,Piekary śląskie,247100,śląskie,"powiat Piekary śląskie, śląskie"
34006,12414571000,124,Powiat m. Piekary śląskie,Piekary śląskie,247101,śląskie,"powiat Piekary śląskie, śląskie"
34081,12414872000,124,Powiat m. Ruda Śląska,Ruda Śląska,247200,śląskie,"powiat Ruda Śląska, śląskie"
34081,12414872000,124,Powiat m. Ruda Śląska,Ruda Śląska,247201,śląskie,"powiat Ruda Śląska, śląskie"
34121,12414973000,124,Powiat m. Rybnik,Rybnik,247300,śląskie,"powiat Rybnik, śląskie"
34121,12414973000,124,Powiat m. Rybnik,Rybnik,247301,śląskie,"powiat Rybnik, śląskie"
34083,12414874000,124,Powiat m. Siemianowice śląskie,Siemianowice śląskie,247400,śląskie,"powiat Siemianowice śląskie, śląskie"
34083,12414874000,124,Powiat m. Siemianowice śląskie,Siemianowice śląskie,247401,śląskie,"powiat Siemianowice śląskie, śląskie"
34160,12415075000,124,Powiat m. Sosnowiec,Sosnowiec,247500,śląskie,"powiat Sosnowiec, śląskie"
34160,12415075000,124,Powiat m. Sosnowiec,Sosnowiec,247501,śląskie,"powiat Sosnowiec, śląskie"
34085,12414876000,124,Powiat m. Świętochłowice,Świętochłowice,247600,śląskie,"powiat Świętochłowice, śląskie"
34085,12414876000,124,Powiat m. Świętochłowice,Świętochłowice,247601,śląskie,"powiat Świętochłowice, śląskie"
34184,12415177000,124,Powiat m. Tychy,Tychy,247700,śląskie,"powiat Tychy, śląskie"
34184,12415177000,124,Powiat m. Tychy,Tychy,247701,śląskie,"powiat Tychy, śląskie"
34072,12414778000,124,Powiat m. Zabrze,Zabrze,247800,śląskie,"powiat Zabrze, śląskie"
34072,12414778000,124,Powiat m. Zabrze,Zabrze,247801,śląskie,"powiat Zabrze, śląskie"
34123,12414979000,124,Powiat m. Żory,Żory,247900,śląskie,"powiat Żory, śląskie"
34123,12414979000,124,Powiat m. Żory,Żory,247901,śląskie,"powiat Żory, śląskie"
36526,52615301000,526,Powiat buski,buski,260100,świętokrzyskie,"powiat buski, świętokrzyskie"
36539,52615302000,526,Powiat jędrzejowski,jędrzejowski,260200,świętokrzyskie,"powiat jędrzejowski, świętokrzyskie"
36555,52615303000,526,Powiat kazimierski,kazimierski,260300,świętokrzyskie,"powiat kazimierski, świętokrzyskie"
36453,52615204000,526,Powiat kielecki,kielecki,260400,świętokrzyskie,"powiat kielecki, świętokrzyskie"
36483,52615205000,526,Powiat konecki,konecki,260500,świętokrzyskie,"powiat konecki, świętokrzyskie"
36565,52615306000,526,Powiat opatowski,opatowski,260600,świętokrzyskie,"powiat opatowski, świętokrzyskie"
36496,52615207000,526,Powiat ostrowiecki,ostrowiecki,260700,świętokrzyskie,"powiat ostrowiecki, świętokrzyskie"
36578,52615308000,526,Powiat pińczowski,pińczowski,260800,świętokrzyskie,"powiat pińczowski, świętokrzyskie"
36588,52615309000,526,Powiat sandomierski,sandomierski,260900,świętokrzyskie,"powiat sandomierski, świętokrzyskie"
36507,52615210000,526,Powiat skarżyski,skarżyski,261000,świętokrzyskie,"powiat skarżyski, świętokrzyskie"
36515,52615211000,526,Powiat starachowicki,starachowicki,261100,świętokrzyskie,"powiat starachowicki, świętokrzyskie"
36602,52615312000,526,Powiat staszowski,staszowski,261200,świętokrzyskie,"powiat staszowski, świętokrzyskie"
36617,52615313000,526,Powiat włoszczowski,włoszczowski,261300,świętokrzyskie,"powiat włoszczowski, świętokrzyskie"
36523,52615261000,526,Powiat m. Kielce,Kielce,266100,świętokrzyskie,"powiat Kielce, świętokrzyskie"
36523,52615261000,526,Powiat m. Kielce,Kielce,266101,świętokrzyskie,"powiat Kielce, świętokrzyskie"
36103,42815601000,428,Powiat bartoszycki,bartoszycki,280100,warmińsko-mazurskie,"powiat bartoszycki, warmińsko-mazurskie"
35979,42815402000,428,Powiat braniewski,braniewski,280200,warmińsko-mazurskie,"powiat braniewski, warmińsko-mazurskie"
35991,42815403000,428,Powiat działdowski,działdowski,280300,warmińsko-mazurskie,"powiat działdowski, warmińsko-mazurskie"
36000,42815404000,428,Powiat elbląski,elbląski,280400,warmińsko-mazurskie,"powiat elbląski, warmińsko-mazurskie"
36055,42815505000,428,Powiat ełcki,ełcki,280500,warmińsko-mazurskie,"powiat ełcki, warmińsko-mazurskie"
36061,42815506000,428,Powiat giżycki,giżycki,280600,warmińsko-mazurskie,"powiat giżycki, warmińsko-mazurskie"
36016,42815407000,428,Powiat iławski,iławski,280700,warmińsko-mazurskie,"powiat iławski, warmińsko-mazurskie"
36114,42815608000,428,Powiat kętrzyński,kętrzyński,280800,warmińsko-mazurskie,"powiat kętrzyński, warmińsko-mazurskie"
36125,42815609000,428,Powiat lidzbarski,lidzbarski,280900,warmińsko-mazurskie,"powiat lidzbarski, warmińsko-mazurskie"
36133,42815610000,428,Powiat mrągowski,mrągowski,281000,warmińsko-mazurskie,"powiat mrągowski, warmińsko-mazurskie"
36141,42815611000,428,Powiat nidzicki,nidzicki,281100,warmińsko-mazurskie,"powiat nidzicki, warmińsko-mazurskie"
36030,42815412000,428,Powiat nowomiejski,nowomiejski,281200,warmińsko-mazurskie,"powiat nowomiejski, warmińsko-mazurskie"
36070,42815513000,428,Powiat olecki,olecki,281300,warmińsko-mazurskie,"powiat olecki, warmińsko-mazurskie"
36148,42815614000,428,Powiat olsztyński,olsztyński,281400,warmińsko-mazurskie,"powiat olsztyński, warmińsko-mazurskie"
36036,42815415000,428,Powiat ostródzki,ostródzki,281500,warmińsko-mazurskie,"powiat ostródzki, warmińsko-mazurskie"
36077,42815516000,428,Powiat piski,piski,281600,warmińsko-mazurskie,"powiat piski, warmińsko-mazurskie"
36171,42815617000,428,Powiat szczycieński,szczycieński,281700,warmińsko-mazurskie,"powiat szczycieński, warmińsko-mazurskie"
36090,42815518000,428,Powiat gołdapski,gołdapski,281800,warmińsko-mazurskie,"powiat gołdapski, warmińsko-mazurskie"
36096,42815519000,428,Powiat węgorzewski,węgorzewski,281900,warmińsko-mazurskie,"powiat węgorzewski, warmińsko-mazurskie"
36052,42815461000,428,Powiat m. Elbląg,Elbląg,286100,warmińsko-mazurskie,"powiat Elbląg, warmińsko-mazurskie"
36052,42815461000,428,Powiat m. Elbląg,Elbląg,286101,warmińsko-mazurskie,"powiat Elbląg, warmińsko-mazurskie"
36182,42815662000,428,Powiat m. Olsztyn,Olsztyn,286200,warmińsko-mazurskie,"powiat Olsztyn, warmińsko-mazurskie"
36182,42815662000,428,Powiat m. Olsztyn,Olsztyn,286201,warmińsko-mazurskie,"powiat Olsztyn, warmińsko-mazurskie"
34658,23016001000,230,Powiat chodzieski,chodzieski,300100,wielkopolskie,"powiat chodzieski, wielkopolskie"
34668,23016002000,230,Powiat czarnkowsko-trzcianecki,czarnkowsko-trzcianecki,300200,wielkopolskie,"powiat czarnkowsko-trzcianecki, wielkopolskie"
34453,23015803000,230,Powiat gnieźnieński,gnieźnieński,300300,wielkopolskie,"powiat gnieźnieński, wielkopolskie"
34557,23015904000,230,Powiat gostyński,gostyński,300400,wielkopolskie,"powiat gostyński, wielkopolskie"
34575,23015905000,230,Powiat grodziski,grodziski,300500,wielkopolskie,"powiat grodziski, wielkopolskie"
34356,23015706000,230,Powiat jarociński,jarociński,300600,wielkopolskie,"powiat jarociński, wielkopolskie"
34367,23015707000,230,Powiat kaliski,kaliski,300700,wielkopolskie,"powiat kaliski, wielkopolskie"
34383,23015708000,230,Powiat kępiński,kępiński,300800,wielkopolskie,"powiat kępiński, wielkopolskie"
34472,23015809000,230,Powiat kolski,kolski,300900,wielkopolskie,"powiat kolski, wielkopolskie"
34490,23015810000,230,Powiat koniński,koniński,301000,wielkopolskie,"powiat koniński, wielkopolskie"
34587,23015911000,230,Powiat kościański,kościański,301100,wielkopolskie,"powiat kościański, wielkopolskie"
34393,23015712000,230,Powiat krotoszyński,krotoszyński,301200,wielkopolskie,"powiat krotoszyński, wielkopolskie"
34599,23015913000,230,Powiat leszczyński,leszczyński,301300,wielkopolskie,"powiat leszczyński, wielkopolskie"
34611,23015914000,230,Powiat międzychodzki,międzychodzki,301400,wielkopolskie,"powiat międzychodzki, wielkopolskie"
34620,23015915000,230,Powiat nowotomyski,nowotomyski,301500,wielkopolskie,"powiat nowotomyski, wielkopolskie"
34729,23016116000,230,Powiat obornicki,obornicki,301600,wielkopolskie,"powiat obornicki, wielkopolskie"
34408,23015717000,230,Powiat ostrowski,ostrowski,301700,wielkopolskie,"powiat ostrowski, wielkopolskie"
34423,23015718000,230,Powiat ostrzeszowski,ostrzeszowski,301800,wielkopolskie,"powiat ostrzeszowski, wielkopolskie"
34683,23016019000,230,Powiat pilski,pilski,301900,wielkopolskie,"powiat pilski, wielkopolskie"
34437,23015720000,230,Powiat pleszewski,pleszewski,302000,wielkopolskie,"powiat pleszewski, wielkopolskie"
34737,23016121000,230,Powiat poznański,poznański,302100,wielkopolskie,"powiat poznański, wielkopolskie"
34635,23015922000,230,Powiat rawicki,rawicki,302200,wielkopolskie,"powiat rawicki, wielkopolskie"
34515,23015823000,230,Powiat słupecki,słupecki,302300,wielkopolskie,"powiat słupecki, wielkopolskie"
34771,23016124000,230,Powiat szamotulski,szamotulski,302400,wielkopolskie,"powiat szamotulski, wielkopolskie"
34788,23016125000,230,Powiat średzki,średzki,302500,wielkopolskie,"powiat średzki, wielkopolskie"
34796,23016126000,230,Powiat śremski,śremski,302600,wielkopolskie,"powiat śremski, wielkopolskie"
34526,23015827000,230,Powiat turecki,turecki,302700,wielkopolskie,"powiat turecki, wielkopolskie"
34701,23016028000,230,Powiat wągrowiecki,wągrowiecki,302800,wielkopolskie,"powiat wągrowiecki, wielkopolskie"
34649,23015929000,230,Powiat wolsztyński,wolsztyński,302900,wielkopolskie,"powiat wolsztyński, wielkopolskie"
34540,23015830000,230,Powiat wrzesiński,wrzesiński,303000,wielkopolskie,"powiat wrzesiński, wielkopolskie"
34713,23016031000,230,Powiat złotowski,złotowski,303100,wielkopolskie,"powiat złotowski, wielkopolskie"
34450,23015761000,230,Powiat m. Kalisz,Kalisz,306100,wielkopolskie,"powiat Kalisz, wielkopolskie"
34450,23015761000,230,Powiat m. Kalisz,Kalisz,306101,wielkopolskie,"powiat Kalisz, wielkopolskie"
34554,23015862000,230,Powiat m. Konin,Konin,306200,wielkopolskie,"powiat Konin, wielkopolskie"
34554,23015862000,230,Powiat m. Konin,Konin,306201,wielkopolskie,"powiat Konin, wielkopolskie"
34655,23015963000,230,Powiat m. Leszno,Leszno,306300,wielkopolskie,"powiat Leszno, wielkopolskie"
34655,23015963000,230,Powiat m. Leszno,Leszno,306301,wielkopolskie,"powiat Leszno, wielkopolskie"
34808,23016264000,230,Powiat m. Poznań,Poznań,306400,wielkopolskie,"powiat Poznań, wielkopolskie"
34808,23016264000,230,Powiat m. Poznań,Poznań,306401,wielkopolskie,"powiat Poznań, wielkopolskie"
34818,23216301000,232,Powiat białogardzki,białogardzki,320100,zachodniopomorskie,"powiat białogardzki, zachodniopomorskie"
34864,23216402000,232,Powiat choszczeński,choszczeński,320200,zachodniopomorskie,"powiat choszczeński, zachodniopomorskie"
34879,23216403000,232,Powiat drawski,drawski,320300,zachodniopomorskie,"powiat drawski, zachodniopomorskie"
34969,23216604000,232,Powiat goleniowski,goleniowski,320400,zachodniopomorskie,"powiat goleniowski, zachodniopomorskie"
34984,23216605000,232,Powiat gryficki,gryficki,320500,zachodniopomorskie,"powiat gryficki, zachodniopomorskie"
34997,23216606000,232,Powiat gryfiński,gryfiński,320600,zachodniopomorskie,"powiat gryfiński, zachodniopomorskie"
35019,23216607000,232,Powiat kamieński,kamieński,320700,zachodniopomorskie,"powiat kamieński, zachodniopomorskie"
34827,23216308000,232,Powiat kołobrzeski,kołobrzeski,320800,zachodniopomorskie,"powiat kołobrzeski, zachodniopomorskie"
34837,23216309000,232,Powiat koszaliński,koszaliński,320900,zachodniopomorskie,"powiat koszaliński, zachodniopomorskie"
34894,23216410000,232,Powiat myśliborski,myśliborski,321000,zachodniopomorskie,"powiat myśliborski, zachodniopomorskie"
35036,23216611000,232,Powiat policki,policki,321100,zachodniopomorskie,"powiat policki, zachodniopomorskie"
34906,23216412000,232,Powiat pyrzycki,pyrzycki,321200,zachodniopomorskie,"powiat pyrzycki, zachodniopomorskie"
34854,23216313000,232,Powiat sławieński,sławieński,321300,zachodniopomorskie,"powiat sławieński, zachodniopomorskie"
35045,23216614000,232,Powiat stargardzki,stargardzki,321400,zachodniopomorskie,"powiat stargardzki, zachodniopomorskie"
34917,23216415000,232,Powiat szczecinecki,szczecinecki,321500,zachodniopomorskie,"powiat szczecinecki, zachodniopomorskie"
34930,23216416000,232,Powiat świdwiński,świdwiński,321600,zachodniopomorskie,"powiat świdwiński, zachodniopomorskie"
34939,23216417000,232,Powiat wałecki,wałecki,321700,zachodniopomorskie,"powiat wałecki, zachodniopomorskie"
34951,23216418000,232,Powiat łobeski,łobeski,321800,zachodniopomorskie,"powiat łobeski, zachodniopomorskie"
34861,23216361000,232,Powiat m. Koszalin,Koszalin,326100,zachodniopomorskie,"powiat Koszalin, zachodniopomorskie"
34861,23216361000,232,Powiat m. Koszalin,Koszalin,326101,zachodniopomorskie,"powiat Koszalin, zachodniopomorskie"
34966,23216562000,232,Powiat m. Szczecin,Szczecin,326200,zachodniopomorskie,"powiat Szczecin, zachodniopomorskie"
34966,23216562000,232,Powiat m. Szczecin,Szczecin,326201,zachodniopomorskie,"powiat Szczecin, zachodniopomorskie"
35064,23216663000,232,Powiat m. Świnoujście,Świnoujście,326300,zachodniopomorskie,"powiat Świnoujście, zachodniopomorskie"
35064,23216663000,232,Powiat m. Świnoujście,Świnoujście,326301,zachodniopomorskie,"powiat Świnoujście, zachodniopomorskie"
