Entity,Code,Year,turnout_vdem_owid
Afghanistan,AFG,1969,50
Afghanistan,AFG,2004,83.66
Afghanistan,AFG,2005,49.37
Afghanistan,AFG,2009,38.8
Afghanistan,AFG,2010,45.83
Afghanistan,AFG,2014,38.9
Afghanistan,AFG,2018,45.23
Afghanistan,AFG,2019,19
Albania,ALB,1991,98.92
Albania,ALB,1992,91.5
Albania,ALB,1996,89.08
Albania,ALB,1997,72.56
Albania,ALB,2001,54.95
Albania,ALB,2005,48.73
Albania,ALB,2009,50.77
Albania,ALB,2013,53.31
Albania,ALB,2017,46.76
Albania,ALB,2021,46.32
Algeria,DZA,1963,88.9
Algeria,DZA,1964,85
Algeria,DZA,1976,99.5
Algeria,DZA,1977,75.84
Algeria,DZA,1979,99
Algeria,DZA,1982,67.34
Algeria,DZA,1984,96.28
Algeria,DZA,1987,87
Algeria,DZA,1988,89.08
Algeria,DZA,1991,59
Algeria,DZA,1995,75.69
Algeria,DZA,1997,65.6
Algeria,DZA,1999,60.91
Algeria,DZA,2002,46.17
Algeria,DZA,2004,58.07
Algeria,DZA,2007,35.51
Algeria,DZA,2009,74.56
Algeria,DZA,2012,43.14
Algeria,DZA,2014,49.42
Algeria,DZA,2017,37.09
Algeria,DZA,2019,39.88
Algeria,DZA,2021,23.03
Angola,AGO,1992,90.37
Angola,AGO,2008,87.36
Angola,AGO,2012,62.75
Angola,AGO,2017,71.59
Angola,AGO,2022,44.82
Argentina,ARG,1912,68.5
Argentina,ARG,1914,55.7
Argentina,ARG,1916,62.7
Argentina,ARG,1918,56.4
Argentina,ARG,1920,53
Argentina,ARG,1922,55.2
Argentina,ARG,1924,44.2
Argentina,ARG,1926,49.2
Argentina,ARG,1928,80.9
Argentina,ARG,1930,75.1
Argentina,ARG,1931,73.4
Argentina,ARG,1934,65.9
Argentina,ARG,1936,70.9
Argentina,ARG,1948,74.2
Argentina,ARG,1954,86
Argentina,ARG,1960,87.07
Argentina,ARG,1962,85.73
Argentina,ARG,1965,83.46
Argentina,ARG,1973,85.55
Argentina,ARG,1983,83.25
Argentina,ARG,1985,82.19
Argentina,ARG,1987,83.61
Argentina,ARG,1989,85.02
Argentina,ARG,1991,89.71
Argentina,ARG,1993,79.7
Argentina,ARG,1995,80.96
Argentina,ARG,1997,78.22
Argentina,ARG,1999,78.61
Argentina,ARG,2001,75.21
Argentina,ARG,2003,76.9
Argentina,ARG,2005,70.94
Argentina,ARG,2007,71.81
Argentina,ARG,2009,72.39
Argentina,ARG,2011,79.39
Argentina,ARG,2013,77.17
Argentina,ARG,2015,80.77
Argentina,ARG,2017,76.74
Argentina,ARG,2019,79
Argentina,ARG,2021,71.51
Armenia,ARM,1990,60.2
Armenia,ARM,1995,53.91
Armenia,ARM,1996,60.32
Armenia,ARM,1998,63.48
Armenia,ARM,1999,51.72
Armenia,ARM,2003,68.43
Armenia,ARM,2007,59.99
Armenia,ARM,2008,69.81
Armenia,ARM,2012,62.87
Armenia,ARM,2013,60.18
Armenia,ARM,2017,60.93
Armenia,ARM,2018,48.63
Armenia,ARM,2021,49.41
Australia,AUS,1856,48.51
Australia,AUS,1858,43.09
Australia,AUS,1859,52.54
Australia,AUS,1860,42.91
Australia,AUS,1864,51.4
Australia,AUS,1869,53.7
Australia,AUS,1872,48.44
Australia,AUS,1874,47.21
Australia,AUS,1877,48.31
Australia,AUS,1880,61.94
Australia,AUS,1882,56.69
Australia,AUS,1885,61.1
Australia,AUS,1887,57.84
Australia,AUS,1889,59.93
Australia,AUS,1891,64.4
Australia,AUS,1894,78.56
Australia,AUS,1895,59.92
Australia,AUS,1898,58.61
Australia,AUS,1901,60
Australia,AUS,1903,50.27
Australia,AUS,1906,51.48
Australia,AUS,1910,62.8
Australia,AUS,1913,73.49
Australia,AUS,1914,73.53
Australia,AUS,1917,78.3
Australia,AUS,1919,71.59
Australia,AUS,1922,59.36
Australia,AUS,1925,91.39
Australia,AUS,1928,93.64
Australia,AUS,1929,94.85
Australia,AUS,1931,95.04
Australia,AUS,1934,95.17
Australia,AUS,1937,96.13
Australia,AUS,1940,94.82
Australia,AUS,1943,96.32
Australia,AUS,1946,93.95
Australia,AUS,1949,95.94
Australia,AUS,1951,95.97
Australia,AUS,1954,96.05
Australia,AUS,1955,95
Australia,AUS,1958,95.44
Australia,AUS,1961,95.22
Australia,AUS,1963,95.71
Australia,AUS,1966,95.13
Australia,AUS,1969,94.97
Australia,AUS,1972,95.38
Australia,AUS,1974,95.4
Australia,AUS,1975,95.39
Australia,AUS,1977,95.08
Australia,AUS,1980,94.35
Australia,AUS,1983,94.64
Australia,AUS,1984,94.19
Australia,AUS,1987,93.84
Australia,AUS,1990,95.31
Australia,AUS,1993,95.75
Australia,AUS,1996,95.77
Australia,AUS,1998,94.99
Australia,AUS,2001,94.85
Australia,AUS,2004,94.32
Australia,AUS,2007,94.76
Australia,AUS,2010,93.22
Australia,AUS,2013,93.23
Australia,AUS,2016,91.01
Australia,AUS,2019,91.89
Australia,AUS,2022,89.74
Austria,AUT,1907,84.6
Austria,AUT,1911,80.2
Austria,AUT,1919,84.4
Austria,AUT,1920,80.3
Austria,AUT,1923,87
Austria,AUT,1927,89.3
Austria,AUT,1930,90.2
Austria,AUT,1945,94.31
Austria,AUT,1949,96.78
Austria,AUT,1951,96.89
Austria,AUT,1953,95.83
Austria,AUT,1956,95.95
Austria,AUT,1957,97.16
Austria,AUT,1959,94.21
Austria,AUT,1962,93.77
Austria,AUT,1963,95.58
Austria,AUT,1965,95.99
Austria,AUT,1966,93.8
Austria,AUT,1970,91.78
Austria,AUT,1971,95.29
Austria,AUT,1974,94.06
Austria,AUT,1975,92.9
Austria,AUT,1979,92.24
Austria,AUT,1980,91.63
Austria,AUT,1983,92.59
Austria,AUT,1986,90.46
Austria,AUT,1990,86.14
Austria,AUT,1992,84.4
Austria,AUT,1994,82.46
Austria,AUT,1995,85.98
Austria,AUT,1998,74.4
Austria,AUT,1999,80.42
Austria,AUT,2002,84.27
Austria,AUT,2004,71.6
Austria,AUT,2006,78.46
Austria,AUT,2008,78.81
Austria,AUT,2010,53.57
Austria,AUT,2013,74.91
Austria,AUT,2016,74.21
Austria,AUT,2017,80
Austria,AUT,2019,75.59
Austria,AUT,2022,63.75
Azerbaijan,AZE,1917,48.44
Azerbaijan,AZE,1991,85.7
Azerbaijan,AZE,1993,85.85
Azerbaijan,AZE,1995,86.05
Azerbaijan,AZE,1998,78.94
Azerbaijan,AZE,2000,67.99
Azerbaijan,AZE,2003,71.23
Azerbaijan,AZE,2005,40.47
Azerbaijan,AZE,2008,75.35
Azerbaijan,AZE,2010,49.76
Azerbaijan,AZE,2013,71.63
Azerbaijan,AZE,2015,55.54
Azerbaijan,AZE,2018,74.24
Azerbaijan,AZE,2020,46.84
Bahrain,BHR,1973,78.4
Bahrain,BHR,2002,53
Bahrain,BHR,2006,73.6
Bahrain,BHR,2010,67
Bahrain,BHR,2014,52.6
Bahrain,BHR,2018,65.34
Bahrain,BHR,2022,73
Bangladesh,BGD,1973,54.91
Bangladesh,BGD,1978,54.3
Bangladesh,BGD,1979,51.29
Bangladesh,BGD,1981,55.65
Bangladesh,BGD,1986,60.31
Bangladesh,BGD,1988,51.81
Bangladesh,BGD,1991,55.45
Bangladesh,BGD,1996,75.6
Bangladesh,BGD,2001,74.97
Bangladesh,BGD,2008,85.26
Bangladesh,BGD,2014,51.37
Bangladesh,BGD,2018,80
Barbados,BRB,1951,64.65
Barbados,BRB,1956,60.29
Barbados,BRB,1961,61.32
Barbados,BRB,1966,79.27
Barbados,BRB,1971,81.62
Barbados,BRB,1976,74.09
Barbados,BRB,1981,71.58
Barbados,BRB,1986,76.7
Barbados,BRB,1991,63.72
Barbados,BRB,1994,60.25
Barbados,BRB,1999,63.1
Barbados,BRB,2003,56.88
Barbados,BRB,2008,63.54
Barbados,BRB,2013,65.05
Barbados,BRB,2018,60.29
Barbados,BRB,2022,41.73
Bavaria,OWID_BAV,1869,51
Belarus,BLR,1917,48.44
Belarus,BLR,1994,69.9
Belarus,BLR,1995,56.4
Belarus,BLR,2000,61.08
Belarus,BLR,2001,83.86
Belarus,BLR,2004,90.14
Belarus,BLR,2006,92.94
Belarus,BLR,2008,76.74
Belarus,BLR,2010,90.65
Belarus,BLR,2012,74.2
Belarus,BLR,2015,87.22
Belarus,BLR,2016,74.7
Belarus,BLR,2019,77.31
Belarus,BLR,2020,84.28
Belgium,BEL,1831,62.2
Belgium,BEL,1837,56
Belgium,BEL,1839,66.4
Belgium,BEL,1841,77
Belgium,BEL,1843,86
Belgium,BEL,1845,77
Belgium,BEL,1847,77.7
Belgium,BEL,1848,56
Belgium,BEL,1850,69.1
Belgium,BEL,1852,69.2
Belgium,BEL,1854,61
Belgium,BEL,1856,60.6
Belgium,BEL,1857,69.1
Belgium,BEL,1859,55.9
Belgium,BEL,1861,58.4
Belgium,BEL,1863,74.5
Belgium,BEL,1864,76.7
Belgium,BEL,1866,70
Belgium,BEL,1868,55.6
Belgium,BEL,1870,68
Belgium,BEL,1872,55.5
Belgium,BEL,1874,64.1
Belgium,BEL,1876,67.5
Belgium,BEL,1878,62.5
Belgium,BEL,1880,67.2
Belgium,BEL,1882,75.1
Belgium,BEL,1884,79.1
Belgium,BEL,1886,64
Belgium,BEL,1888,73
Belgium,BEL,1890,64.3
Belgium,BEL,1892,76.6
Belgium,BEL,1894,85.4
Belgium,BEL,1896,82.1
Belgium,BEL,1898,82.6
Belgium,BEL,1902,95.7
Belgium,BEL,1921,91.1
Belgium,BEL,1925,92.8
Belgium,BEL,1929,94
Belgium,BEL,1932,94.3
Belgium,BEL,1936,94.7
Belgium,BEL,1939,93.3
Belgium,BEL,1946,90.3
Belgium,BEL,1949,94.41
Belgium,BEL,1950,92.62
Belgium,BEL,1954,93.18
Belgium,BEL,1958,93.62
Belgium,BEL,1961,92.34
Belgium,BEL,1965,91.58
Belgium,BEL,1968,90.02
Belgium,BEL,1971,91.55
Belgium,BEL,1974,90.35
Belgium,BEL,1977,95.07
Belgium,BEL,1978,94.87
Belgium,BEL,1981,94.56
Belgium,BEL,1985,93.59
Belgium,BEL,1987,93.38
Belgium,BEL,1991,92.71
Belgium,BEL,1995,91.15
Belgium,BEL,1999,90.57
Belgium,BEL,2003,91.63
Belgium,BEL,2007,91.08
Belgium,BEL,2010,89.22
Belgium,BEL,2014,89.37
Belgium,BEL,2019,88.38
Benin,BEN,1957,42.3
Benin,BEN,1960,71
Benin,BEN,1968,72.6
Benin,BEN,1970,56.7
Benin,BEN,1979,80.6
Benin,BEN,1984,93.1
Benin,BEN,1989,86
Benin,BEN,1991,64.07
Benin,BEN,1995,75.8
Benin,BEN,1996,87.8
Benin,BEN,1999,70.11
Benin,BEN,2001,87.74
Benin,BEN,2003,55.9
Benin,BEN,2006,81.7
Benin,BEN,2007,58.69
Benin,BEN,2011,84.82
Benin,BEN,2015,65.91
Benin,BEN,2016,66.13
Benin,BEN,2019,22.99
Benin,BEN,2021,50.63
Bhutan,BTN,2008,79.45
Bhutan,BTN,2013,66.13
Bhutan,BTN,2018,71.46
Bolivia,BOL,1956,85.04
Bolivia,BOL,1960,75.98
Bolivia,BOL,1964,91.91
Bolivia,BOL,1966,86.57
Bolivia,BOL,1980,74.32
Bolivia,BOL,1985,81.97
Bolivia,BOL,1989,73.16
Bolivia,BOL,1993,72.16
Bolivia,BOL,1997,71.36
Bolivia,BOL,2002,72.06
Bolivia,BOL,2005,84.51
Bolivia,BOL,2006,84.51
Bolivia,BOL,2009,94.55
Bolivia,BOL,2014,87.45
Bolivia,BOL,2019,88.47
Bolivia,BOL,2020,88.42
Bosnia and Herzegovina,BIH,1996,60.32
Bosnia and Herzegovina,BIH,1998,70.74
Bosnia and Herzegovina,BIH,2000,63.7
Bosnia and Herzegovina,BIH,2002,55.45
Bosnia and Herzegovina,BIH,2006,50.51
Bosnia and Herzegovina,BIH,2010,56.46
Bosnia and Herzegovina,BIH,2014,54.54
Bosnia and Herzegovina,BIH,2018,54.02
Bosnia and Herzegovina,BIH,2022,51.45
Botswana,BWA,1965,74.5
Botswana,BWA,1969,54.73
Botswana,BWA,1974,31.22
Botswana,BWA,1979,55.24
Botswana,BWA,1984,77.58
Botswana,BWA,1989,68.24
Botswana,BWA,1994,76.55
Botswana,BWA,1999,77.11
Botswana,BWA,2004,76.2
Botswana,BWA,2009,76.71
Botswana,BWA,2014,84.75
Botswana,BWA,2019,83.14
Brazil,BRA,1945,83.12
Brazil,BRA,1947,42.47
Brazil,BRA,1950,72.06
Brazil,BRA,1954,65.48
Brazil,BRA,1955,59.68
Brazil,BRA,1958,99.2
Brazil,BRA,1960,80.98
Brazil,BRA,1962,79.59
Brazil,BRA,1966,77.21
Brazil,BRA,1970,77.45
Brazil,BRA,1974,80.9
Brazil,BRA,1978,81.75
Brazil,BRA,1982,82.33
Brazil,BRA,1989,88.07
Brazil,BRA,1990,84.61
Brazil,BRA,1994,84.93
Brazil,BRA,1998,78.51
Brazil,BRA,2002,82.26
Brazil,BRA,2006,83.17
Brazil,BRA,2010,81.88
Brazil,BRA,2014,80.61
Brazil,BRA,2018,79.67
Brazil,BRA,2022,79.05
Bulgaria,BGR,1879,32
Bulgaria,BGR,1884,28.9
Bulgaria,BGR,1887,33
Bulgaria,BGR,1899,49.5
Bulgaria,BGR,1901,42.7
Bulgaria,BGR,1902,49.8
Bulgaria,BGR,1903,41.2
Bulgaria,BGR,1908,50.2
Bulgaria,BGR,1911,54
Bulgaria,BGR,1913,55
Bulgaria,BGR,1914,67.1
Bulgaria,BGR,1919,54.5
Bulgaria,BGR,1920,77.3
Bulgaria,BGR,1923,86.5
Bulgaria,BGR,1927,84.3
Bulgaria,BGR,1931,85.2
Bulgaria,BGR,1938,69.5
Bulgaria,BGR,1939,67.2
Bulgaria,BGR,1945,84.8
Bulgaria,BGR,1946,92.6
Bulgaria,BGR,1949,98.9
Bulgaria,BGR,1953,99.5
Bulgaria,BGR,1957,99.8
Bulgaria,BGR,1962,99.7
Bulgaria,BGR,1966,99.6
Bulgaria,BGR,1971,99.9
Bulgaria,BGR,1976,99.9
Bulgaria,BGR,1981,99.9
Bulgaria,BGR,1986,99.5
Bulgaria,BGR,1990,90.3
Bulgaria,BGR,1991,83.87
Bulgaria,BGR,1992,75.9
Bulgaria,BGR,1994,75.23
Bulgaria,BGR,1996,63.3
Bulgaria,BGR,1997,58.87
Bulgaria,BGR,2001,66.63
Bulgaria,BGR,2005,55.76
Bulgaria,BGR,2006,44.1
Bulgaria,BGR,2009,60.64
Bulgaria,BGR,2011,52.29
Bulgaria,BGR,2013,52.49
Bulgaria,BGR,2014,51.05
Bulgaria,BGR,2016,56.28
Bulgaria,BGR,2017,53.85
Bulgaria,BGR,2021,49.11
Bulgaria,BGR,2022,37.98
Burkina Faso,BFA,1952,57.2
Burkina Faso,BFA,1957,51.8
Burkina Faso,BFA,1959,46.9
Burkina Faso,BFA,1965,98.4
Burkina Faso,BFA,1970,48.29
Burkina Faso,BFA,1978,43.6
Burkina Faso,BFA,1991,35.25
Burkina Faso,BFA,1992,33.8
Burkina Faso,BFA,1997,44.53
Burkina Faso,BFA,1998,56.08
Burkina Faso,BFA,2002,64.14
Burkina Faso,BFA,2005,57.66
Burkina Faso,BFA,2007,56.43
Burkina Faso,BFA,2010,54.82
Burkina Faso,BFA,2012,75.96
Burkina Faso,BFA,2015,60
Burkina Faso,BFA,2020,50.79
Burundi,BDI,1961,75.39
Burundi,BDI,1981,94
Burundi,BDI,1982,95
Burundi,BDI,1984,98.3
Burundi,BDI,1993,97.31
Burundi,BDI,2005,77.23
Burundi,BDI,2010,76.98
Burundi,BDI,2015,74.32
Burundi,BDI,2020,87.71
Cambodia,KHM,1972,57.6
Cambodia,KHM,1976,98
Cambodia,KHM,1981,89.6
Cambodia,KHM,1993,86.78
Cambodia,KHM,1998,93.74
Cambodia,KHM,2003,83.22
Cambodia,KHM,2008,75.21
Cambodia,KHM,2013,68.49
Cambodia,KHM,2018,83.02
Cameroon,CMR,1964,91.3
Cameroon,CMR,1965,95.1
Cameroon,CMR,1970,99.4
Cameroon,CMR,1973,98.4
Cameroon,CMR,1975,99.4
Cameroon,CMR,1978,98
Cameroon,CMR,1980,99
Cameroon,CMR,1983,99.19
Cameroon,CMR,1984,97.7
Cameroon,CMR,1988,91.4
Cameroon,CMR,1992,71.87
Cameroon,CMR,1997,87
Cameroon,CMR,2002,65.66
Cameroon,CMR,2004,79.52
Cameroon,CMR,2007,62.01
Cameroon,CMR,2011,68.28
Cameroon,CMR,2013,76.79
Cameroon,CMR,2018,53.5
Cameroon,CMR,2020,43.79
Canada,CAN,1867,73.1
Canada,CAN,1872,70.3
Canada,CAN,1874,69.3
Canada,CAN,1878,69.1
Canada,CAN,1882,70.3
Canada,CAN,1887,70.1
Canada,CAN,1891,64.4
Canada,CAN,1896,72.9
Canada,CAN,1900,77.4
Canada,CAN,1904,71.6
Canada,CAN,1908,70.3
Canada,CAN,1921,67.7
Canada,CAN,1930,73.5
Canada,CAN,1940,69.9
Canada,CAN,1945,76.31
Canada,CAN,1949,74.79
Canada,CAN,1953,67.87
Canada,CAN,1957,75.05
Canada,CAN,1958,80.57
Canada,CAN,1962,80.13
Canada,CAN,1963,80.3
Canada,CAN,1965,75.88
Canada,CAN,1968,75.67
Canada,CAN,1972,77.2
Canada,CAN,1974,71
Canada,CAN,1979,75.69
Canada,CAN,1980,69.32
Canada,CAN,1984,75.34
Canada,CAN,1988,75.29
Canada,CAN,1993,69.64
Canada,CAN,1997,67
Canada,CAN,2000,61.18
Canada,CAN,2004,60.91
Canada,CAN,2006,64.67
Canada,CAN,2008,59.52
Canada,CAN,2011,61.11
Canada,CAN,2015,68.28
Canada,CAN,2019,67.65
Canada,CAN,2021,62.25
Cape Verde,CPV,1975,86.7
Cape Verde,CPV,1980,75
Cape Verde,CPV,1985,68.9
Cape Verde,CPV,1991,75.3
Cape Verde,CPV,1995,76.52
Cape Verde,CPV,1996,43.5
Cape Verde,CPV,2001,58.94
Cape Verde,CPV,2006,54.18
Cape Verde,CPV,2011,76.01
Cape Verde,CPV,2016,65.93
Cape Verde,CPV,2021,57.46
Central African Republic,CAF,1957,58.7
Central African Republic,CAF,1959,56.71
Central African Republic,CAF,1964,93.81
Central African Republic,CAF,1981,76.66
Central African Republic,CAF,1987,50
Central African Republic,CAF,1992,68.5
Central African Republic,CAF,1993,67.93
Central African Republic,CAF,1998,58.45
Central African Republic,CAF,1999,59.14
Central African Republic,CAF,2005,72.7
Central African Republic,CAF,2011,61.2
Central African Republic,CAF,2015,62.54
Central African Republic,CAF,2016,59.01
Central African Republic,CAF,2020,76.31
Central African Republic,CAF,2021,66
Chad,TCD,1947,61.54
Chad,TCD,1952,53.22
Chad,TCD,1957,45.5
Chad,TCD,1959,46.1
Chad,TCD,1962,87.5
Chad,TCD,1963,95.41
Chad,TCD,1969,95.11
Chad,TCD,1990,56.06
Chad,TCD,1996,74.9
Chad,TCD,1997,50.14
Chad,TCD,2001,61.12
Chad,TCD,2002,52.4
Chad,TCD,2006,53.08
Chad,TCD,2011,56.6
Chad,TCD,2016,65.95
Chad,TCD,2021,63.37
Chile,CHL,1873,53
Chile,CHL,1876,75.7
Chile,CHL,1879,70
Chile,CHL,1931,73.5
Chile,CHL,1932,74.4
Chile,CHL,1938,88.4
Chile,CHL,1942,80.2
Chile,CHL,1945,65.3
Chile,CHL,1946,75.93
Chile,CHL,1949,79.46
Chile,CHL,1952,86.61
Chile,CHL,1953,70.83
Chile,CHL,1957,68.39
Chile,CHL,1958,83.5
Chile,CHL,1961,74.54
Chile,CHL,1964,86.81
Chile,CHL,1965,80.57
Chile,CHL,1969,74.15
Chile,CHL,1970,83.47
Chile,CHL,1973,81.75
Chile,CHL,1989,94.72
Chile,CHL,1993,90.47
Chile,CHL,1997,87.32
Chile,CHL,1999,90.6
Chile,CHL,2000,90.63
Chile,CHL,2001,87.11
Chile,CHL,2005,87.67
Chile,CHL,2006,87.12
Chile,CHL,2009,86.99
Chile,CHL,2010,86.94
Chile,CHL,2013,49.25
Chile,CHL,2017,46.7
Chile,CHL,2021,47.04
Colombia,COL,1938,30.2
Colombia,COL,1939,50.7
Colombia,COL,1945,38.42
Colombia,COL,1946,55.8
Colombia,COL,1947,56.35
Colombia,COL,1949,63.16
Colombia,COL,1958,68.85
Colombia,COL,1960,57.82
Colombia,COL,1962,57.88
Colombia,COL,1964,36.85
Colombia,COL,1966,44.47
Colombia,COL,1968,37.28
Colombia,COL,1970,52.5
Colombia,COL,1974,58.1
Colombia,COL,1978,40.3
Colombia,COL,1982,49.8
Colombia,COL,1986,45.6
Colombia,COL,1990,55.33
Colombia,COL,1991,33
Colombia,COL,1994,43.3
Colombia,COL,1998,59
Colombia,COL,2002,46.45
Colombia,COL,2006,45.11
Colombia,COL,2010,49.27
Colombia,COL,2014,47.9
Colombia,COL,2018,53.38
Colombia,COL,2022,58.1
Comoros,COM,1972,81.5
Comoros,COM,1978,78.18
Comoros,COM,1987,65
Comoros,COM,1990,60.27
Comoros,COM,1992,69.3
Comoros,COM,1996,61.95
Comoros,COM,2002,76.28
Comoros,COM,2006,57.26
Comoros,COM,2010,67.11
Comoros,COM,2015,71.35
Comoros,COM,2016,74.42
Comoros,COM,2019,53.84
Comoros,COM,2020,62.8
Congo,COG,1957,74.2
Congo,COG,1959,79.2
Congo,COG,1961,90.3
Congo,COG,1963,91.7
Congo,COG,1973,83.2
Congo,COG,1979,90.3
Congo,COG,1984,93.64
Congo,COG,1989,89.6
Congo,COG,1992,61.6
Congo,COG,2002,74.7
Congo,COG,2009,66.4
Congo,COG,2016,67.58
Congo,COG,2017,42.23
Congo,COG,2021,67.17
Costa Rica,CRI,1913,78
Costa Rica,CRI,1917,69.2
Costa Rica,CRI,1919,57.8
Costa Rica,CRI,1923,70.5
Costa Rica,CRI,1928,62.5
Costa Rica,CRI,1932,64.2
Costa Rica,CRI,1936,68.8
Costa Rica,CRI,1940,80.8
Costa Rica,CRI,1944,43.2
Costa Rica,CRI,1948,60.02
Costa Rica,CRI,1949,49.2
Costa Rica,CRI,1953,67.25
Costa Rica,CRI,1958,64.7
Costa Rica,CRI,1962,80.87
Costa Rica,CRI,1966,81.4
Costa Rica,CRI,1970,83.34
Costa Rica,CRI,1974,79.92
Costa Rica,CRI,1978,81.27
Costa Rica,CRI,1982,78.63
Costa Rica,CRI,1986,84.85
Costa Rica,CRI,1990,81.81
Costa Rica,CRI,1994,81.11
Costa Rica,CRI,1998,69.99
Costa Rica,CRI,2002,68.84
Costa Rica,CRI,2006,65.21
Costa Rica,CRI,2010,69.12
Costa Rica,CRI,2014,68.38
Costa Rica,CRI,2018,66.45
Costa Rica,CRI,2022,59.97
Cote d'Ivoire,CIV,1959,94.7
Cote d'Ivoire,CIV,1960,98.8
Cote d'Ivoire,CIV,1965,99.6
Cote d'Ivoire,CIV,1970,99.2
Cote d'Ivoire,CIV,1975,99.8
Cote d'Ivoire,CIV,1980,82.3
Cote d'Ivoire,CIV,1985,45.7
Cote d'Ivoire,CIV,1990,70
Cote d'Ivoire,CIV,1995,52.2
Cote d'Ivoire,CIV,2000,37.42
Cote d'Ivoire,CIV,2010,83.73
Cote d'Ivoire,CIV,2011,36.56
Cote d'Ivoire,CIV,2015,52.86
Cote d'Ivoire,CIV,2016,34.1
Cote d'Ivoire,CIV,2020,53.9
Croatia,HRV,1992,74.9
Croatia,HRV,1995,68.79
Croatia,HRV,1997,54.62
Croatia,HRV,2000,76.55
Croatia,HRV,2003,61.65
Croatia,HRV,2005,51.04
Croatia,HRV,2007,59.58
Croatia,HRV,2009,43.96
Croatia,HRV,2010,50.13
Croatia,HRV,2011,54.17
Croatia,HRV,2014,47.12
Croatia,HRV,2015,60.82
Croatia,HRV,2016,52.6
Croatia,HRV,2019,51.18
Croatia,HRV,2020,55.2
Cuba,CUB,1905,74
Cuba,CUB,1908,71
Cuba,CUB,1910,68.7
Cuba,CUB,1936,67.1
Cuba,CUB,1938,44.2
Cuba,CUB,1940,73.4
Cuba,CUB,1948,78.7
Cuba,CUB,1954,52.4
Cuba,CUB,1993,98.71
Cuba,CUB,1998,98.35
Cuba,CUB,2003,97.67
Cuba,CUB,2008,96.89
Cuba,CUB,2013,90.88
Cuba,CUB,2018,85.65
Cyprus,CYP,1959,91.2
Cyprus,CYP,1960,73.5
Cyprus,CYP,1968,93.5
Cyprus,CYP,1970,75.85
Cyprus,CYP,1976,85.29
Cyprus,CYP,1981,95.75
Cyprus,CYP,1983,95
Cyprus,CYP,1985,94.62
Cyprus,CYP,1988,94.3
Cyprus,CYP,1991,94.31
Cyprus,CYP,1993,93.27
Cyprus,CYP,1996,90.13
Cyprus,CYP,1998,93.37
Cyprus,CYP,2001,91.75
Cyprus,CYP,2003,90.55
Cyprus,CYP,2006,89
Cyprus,CYP,2008,90.84
Cyprus,CYP,2011,78.7
Cyprus,CYP,2013,83.14
Cyprus,CYP,2016,66.74
Cyprus,CYP,2018,73.97
Cyprus,CYP,2021,65.72
Czechia,CZE,1907,84.6
Czechia,CZE,1911,80.2
Czechia,CZE,1971,99.4
Czechia,CZE,1976,99.7
Czechia,CZE,1981,99.4
Czechia,CZE,1986,99.2
Czechia,CZE,1990,96.33
Czechia,CZE,1992,84.68
Czechia,CZE,1996,76.29
Czechia,CZE,1998,74
Czechia,CZE,2002,57.95
Czechia,CZE,2006,64.47
Czechia,CZE,2010,62.6
Czechia,CZE,2013,61.31
Czechia,CZE,2017,60.84
Czechia,CZE,2018,66.57
Czechia,CZE,2021,65.39
Democratic Republic of Congo,COD,1960,81.8
Democratic Republic of Congo,COD,1970,97.56
Democratic Republic of Congo,COD,1977,92.8
Democratic Republic of Congo,COD,2006,70.54
Democratic Republic of Congo,COD,2011,59.05
Democratic Republic of Congo,COD,2018,45.4
Denmark,DNK,1849,32.5
Denmark,DNK,1852,26.6
Denmark,DNK,1853,40.4
Denmark,DNK,1854,20.3
Denmark,DNK,1855,15.8
Denmark,DNK,1858,23.8
Denmark,DNK,1861,32.7
Denmark,DNK,1864,26.3
Denmark,DNK,1866,41.1
Denmark,DNK,1869,30.2
Denmark,DNK,1872,40.4
Denmark,DNK,1873,51.7
Denmark,DNK,1876,48.6
Denmark,DNK,1879,47.2
Denmark,DNK,1881,55.6
Denmark,DNK,1884,59
Denmark,DNK,1887,69.6
Denmark,DNK,1890,66.3
Denmark,DNK,1892,63.8
Denmark,DNK,1895,60.2
Denmark,DNK,1898,59.8
Denmark,DNK,1901,56.5
Denmark,DNK,1903,57.5
Denmark,DNK,1906,69.8
Denmark,DNK,1909,71.3
Denmark,DNK,1910,74.8
Denmark,DNK,1913,74.5
Denmark,DNK,1918,75.5
Denmark,DNK,1920,80.6
Denmark,DNK,1924,78.6
Denmark,DNK,1926,77
Denmark,DNK,1929,79.7
Denmark,DNK,1932,81.5
Denmark,DNK,1935,80.7
Denmark,DNK,1939,79.2
Denmark,DNK,1943,89.5
Denmark,DNK,1945,86.29
Denmark,DNK,1947,85.78
Denmark,DNK,1950,81.87
Denmark,DNK,1953,80.8
Denmark,DNK,1957,83.73
Denmark,DNK,1960,85.84
Denmark,DNK,1964,85.51
Denmark,DNK,1966,88.61
Denmark,DNK,1968,89.28
Denmark,DNK,1971,87.16
Denmark,DNK,1973,88.72
Denmark,DNK,1977,88.7
Denmark,DNK,1979,85.62
Denmark,DNK,1981,87.77
Denmark,DNK,1984,88.44
Denmark,DNK,1987,86.74
Denmark,DNK,1988,85.7
Denmark,DNK,1990,82.85
Denmark,DNK,1994,84.25
Denmark,DNK,1998,85.95
Denmark,DNK,2001,87.15
Denmark,DNK,2005,84.54
Denmark,DNK,2007,86.59
Denmark,DNK,2011,87.74
Denmark,DNK,2015,85.89
Denmark,DNK,2019,84.6
Denmark,DNK,2022,84.16
Djibouti,DJI,1957,68
Djibouti,DJI,1963,74.52
Djibouti,DJI,1973,75.6
Djibouti,DJI,1981,85
Djibouti,DJI,1982,92.4
Djibouti,DJI,1987,88.69
Djibouti,DJI,1992,48.45
Djibouti,DJI,1993,50.26
Djibouti,DJI,1997,56.83
Djibouti,DJI,1999,56.28
Djibouti,DJI,2003,48.42
Djibouti,DJI,2005,78.9
Djibouti,DJI,2008,72.61
Djibouti,DJI,2011,75.45
Djibouti,DJI,2013,69.16
Djibouti,DJI,2016,69.26
Djibouti,DJI,2018,61.78
Djibouti,DJI,2021,76.44
Dominican Republic,DOM,1913,69.16
Dominican Republic,DOM,1947,100
Dominican Republic,DOM,1962,64.7
Dominican Republic,DOM,1966,75.6
Dominican Republic,DOM,1970,63.5
Dominican Republic,DOM,1974,75.68
Dominican Republic,DOM,1978,72.5
Dominican Republic,DOM,1982,73.89
Dominican Republic,DOM,1986,69.49
Dominican Republic,DOM,1990,59.79
Dominican Republic,DOM,1996,76.56
Dominican Republic,DOM,1998,52.97
Dominican Republic,DOM,2000,76.14
Dominican Republic,DOM,2002,51.05
Dominican Republic,DOM,2004,72.84
Dominican Republic,DOM,2006,56.46
Dominican Republic,DOM,2008,71.36
Dominican Republic,DOM,2010,56.43
Dominican Republic,DOM,2012,70.23
Dominican Republic,DOM,2016,69.6
Dominican Republic,DOM,2020,55.29
East Germany,OWID_GDR,1949,95.2
East Germany,OWID_GDR,1950,98.5
East Germany,OWID_GDR,1954,98.5
East Germany,OWID_GDR,1958,99.2
East Germany,OWID_GDR,1990,93.4
East Timor,TLS,1973,87.4
East Timor,TLS,2001,86.03
East Timor,TLS,2002,97.26
East Timor,TLS,2007,81
East Timor,TLS,2012,78.1
East Timor,TLS,2017,76.74
East Timor,TLS,2018,80.98
East Timor,TLS,2022,77.26
Ecuador,ECU,1947,56.69
Ecuador,ECU,1948,61.84
Ecuador,ECU,1950,64.11
Ecuador,ECU,1952,64.91
Ecuador,ECU,1954,81.62
Ecuador,ECU,1956,73.41
Ecuador,ECU,1960,76.01
Ecuador,ECU,1968,77.49
Ecuador,ECU,1978,72.83
Ecuador,ECU,1979,80.49
Ecuador,ECU,1984,78.13
Ecuador,ECU,1986,74.02
Ecuador,ECU,1988,77.7
Ecuador,ECU,1990,69.42
Ecuador,ECU,1992,73.1
Ecuador,ECU,1994,65.49
Ecuador,ECU,1996,71.71
Ecuador,ECU,1998,70.13
Ecuador,ECU,2002,71.22
Ecuador,ECU,2006,76.01
Ecuador,ECU,2007,73.2
Ecuador,ECU,2008,75.72
Ecuador,ECU,2009,75.72
Ecuador,ECU,2013,80.84
Ecuador,ECU,2017,82.94
Ecuador,ECU,2021,81
Egypt,EGY,1976,39.77
Egypt,EGY,1984,43.14
Egypt,EGY,1987,50.32
Egypt,EGY,1990,44.43
Egypt,EGY,1995,47.99
Egypt,EGY,2005,28.13
Egypt,EGY,2010,34.95
Egypt,EGY,2011,62.04
Egypt,EGY,2012,51.85
Egypt,EGY,2014,48.5
Egypt,EGY,2015,28.27
Egypt,EGY,2018,41.05
Egypt,EGY,2020,29.07
El Salvador,SLV,1964,27.59
El Salvador,SLV,1966,32.38
El Salvador,SLV,1967,38.84
El Salvador,SLV,1968,36.64
El Salvador,SLV,1970,41.65
El Salvador,SLV,1972,72.02
El Salvador,SLV,1978,47.18
El Salvador,SLV,1988,67.74
El Salvador,SLV,1989,54.7
El Salvador,SLV,1991,52.89
El Salvador,SLV,1994,55.11
El Salvador,SLV,1997,89.18
El Salvador,SLV,1999,38.57
El Salvador,SLV,2000,38.07
El Salvador,SLV,2003,28.42
El Salvador,SLV,2004,66.16
El Salvador,SLV,2006,52.56
El Salvador,SLV,2009,61.91
El Salvador,SLV,2012,53
El Salvador,SLV,2014,60.17
El Salvador,SLV,2015,45.91
El Salvador,SLV,2018,47.96
El Salvador,SLV,2019,51.88
El Salvador,SLV,2021,44.96
Equatorial Guinea,GNQ,1968,41.3
Equatorial Guinea,GNQ,1982,91.6
Equatorial Guinea,GNQ,1993,67.5
Equatorial Guinea,GNQ,1996,79.8
Equatorial Guinea,GNQ,1999,94.94
Equatorial Guinea,GNQ,2002,97.79
Equatorial Guinea,GNQ,2004,96.45
Equatorial Guinea,GNQ,2009,93.35
Equatorial Guinea,GNQ,2016,92.7
Equatorial Guinea,GNQ,2022,98.41
Estonia,EST,1917,48.44
Estonia,EST,1919,70.1
Estonia,EST,1920,72.2
Estonia,EST,1923,67.9
Estonia,EST,1926,73.6
Estonia,EST,1929,69.3
Estonia,EST,1932,67.4
Estonia,EST,1936,57.8
Estonia,EST,1990,78.2
Estonia,EST,1992,67.84
Estonia,EST,1995,68.91
Estonia,EST,1999,57.43
Estonia,EST,2003,58.24
Estonia,EST,2007,61.91
Estonia,EST,2011,63.53
Estonia,EST,2015,64.23
Estonia,EST,2019,63.67
Eswatini,SWZ,1964,52.5
Eswatini,SWZ,1967,79.8
Eswatini,SWZ,1972,74
Eswatini,SWZ,2018,28.84
Ethiopia,ETH,1987,90.5
Ethiopia,ETH,1994,87.5
Ethiopia,ETH,1995,94.05
Ethiopia,ETH,2000,90
Ethiopia,ETH,2005,82.6
Ethiopia,ETH,2010,93.44
Ethiopia,ETH,2015,93.22
Ethiopia,ETH,2021,93.64
Fiji,FJI,1972,85.2
Fiji,FJI,1992,78.77
Fiji,FJI,1994,74.8
Fiji,FJI,1999,89.41
Fiji,FJI,2001,81.05
Fiji,FJI,2006,64
Fiji,FJI,2014,84.6
Fiji,FJI,2018,71.92
Fiji,FJI,2022,68.3
Finland,FIN,1907,70.7
Finland,FIN,1908,65
Finland,FIN,1909,65.3
Finland,FIN,1910,60.1
Finland,FIN,1911,59.8
Finland,FIN,1913,51.1
Finland,FIN,1916,55.5
Finland,FIN,1917,69.2
Finland,FIN,1919,67.1
Finland,FIN,1922,58.5
Finland,FIN,1924,57.4
Finland,FIN,1925,39.7
Finland,FIN,1927,55.8
Finland,FIN,1929,55.6
Finland,FIN,1930,65.9
Finland,FIN,1931,47.3
Finland,FIN,1933,62.2
Finland,FIN,1937,57.8
Finland,FIN,1945,74.87
Finland,FIN,1948,78.25
Finland,FIN,1950,63.76
Finland,FIN,1951,74.58
Finland,FIN,1954,79.9
Finland,FIN,1956,73.35
Finland,FIN,1958,74.99
Finland,FIN,1962,85.09
Finland,FIN,1966,84.94
Finland,FIN,1968,69.91
Finland,FIN,1970,82.23
Finland,FIN,1972,81.4
Finland,FIN,1975,73.8
Finland,FIN,1978,64.26
Finland,FIN,1979,75.31
Finland,FIN,1982,81.31
Finland,FIN,1983,75.73
Finland,FIN,1987,72.06
Finland,FIN,1988,77.83
Finland,FIN,1991,68.39
Finland,FIN,1994,78.7
Finland,FIN,1995,68.58
Finland,FIN,1999,65.27
Finland,FIN,2000,76.8
Finland,FIN,2003,66.71
Finland,FIN,2006,74.05
Finland,FIN,2007,65.02
Finland,FIN,2011,67.37
Finland,FIN,2012,73.81
Finland,FIN,2015,66.85
Finland,FIN,2018,66.76
Finland,FIN,2019,68.73
France,FRA,1792,10
France,FRA,1831,75.1
France,FRA,1834,75.6
France,FRA,1837,76.3
France,FRA,1839,81.9
France,FRA,1842,78.9
France,FRA,1848,83.5
France,FRA,1849,68.1
France,FRA,1852,63.3
France,FRA,1857,64.5
France,FRA,1863,72.9
France,FRA,1869,78.1
France,FRA,1876,74
France,FRA,1877,80.5
France,FRA,1881,68.6
France,FRA,1885,77.6
France,FRA,1889,76.6
France,FRA,1893,71.1
France,FRA,1898,76.1
France,FRA,1945,79.83
France,FRA,1946,81.85
France,FRA,1951,80.19
France,FRA,1956,82.69
France,FRA,1958,77.18
France,FRA,1962,68.69
France,FRA,1965,84.2
France,FRA,1967,81.12
France,FRA,1968,79.85
France,FRA,1969,77.08
France,FRA,1973,81.31
France,FRA,1974,87.33
France,FRA,1978,71.63
France,FRA,1981,83.38
France,FRA,1986,78.48
France,FRA,1988,84.06
France,FRA,1993,68.93
France,FRA,1995,79.66
France,FRA,1997,67.96
France,FRA,2002,79.71
France,FRA,2007,83.97
France,FRA,2012,80.35
France,FRA,2017,77.77
France,FRA,2022,73.69
Gabon,GAB,1957,49.5
Gabon,GAB,1961,98.7
Gabon,GAB,1964,85
Gabon,GAB,1967,99
Gabon,GAB,1973,79.8
Gabon,GAB,1979,99.9
Gabon,GAB,1985,95.6
Gabon,GAB,1986,99.95
Gabon,GAB,1993,88.08
Gabon,GAB,1998,53.83
Gabon,GAB,2005,63.47
Gabon,GAB,2009,44.29
Gabon,GAB,2011,34.28
Gabon,GAB,2016,59.46
Gabon,GAB,2018,58.63
Gambia,GMB,1947,57.26
Gambia,GMB,1954,97
Gambia,GMB,1966,70.88
Gambia,GMB,1972,76.07
Gambia,GMB,1977,81.94
Gambia,GMB,1996,80
Gambia,GMB,1997,73.21
Gambia,GMB,2001,89.71
Gambia,GMB,2002,56.38
Gambia,GMB,2006,58.58
Gambia,GMB,2007,41.7
Gambia,GMB,2011,82.55
Gambia,GMB,2012,19.44
Gambia,GMB,2016,59.35
Gambia,GMB,2017,42
Gambia,GMB,2021,89.34
Gambia,GMB,2022,51.21
Georgia,GEO,1917,48.44
Georgia,GEO,1990,69.9
Georgia,GEO,1995,68.87
Georgia,GEO,1999,67.9
Georgia,GEO,2000,75.86
Georgia,GEO,2003,60.06
Georgia,GEO,2004,87.97
Georgia,GEO,2008,56.19
Georgia,GEO,2012,59.76
Georgia,GEO,2013,46.96
Georgia,GEO,2016,51.94
Georgia,GEO,2018,56.36
Georgia,GEO,2020,56.11
Germany,DEU,1867,65
Germany,DEU,1871,54.2
Germany,DEU,1874,61.2
Germany,DEU,1877,60.6
Germany,DEU,1878,63.3
Germany,DEU,1881,56.3
Germany,DEU,1884,60.5
Germany,DEU,1887,77.5
Germany,DEU,1890,71.5
Germany,DEU,1893,72.4
Germany,DEU,1898,68.1
Germany,DEU,1903,76.1
Germany,DEU,1907,84.7
Germany,DEU,1912,84.9
Germany,DEU,1919,83.02
Germany,DEU,1920,79.2
Germany,DEU,1924,78.8
Germany,DEU,1925,77
Germany,DEU,1928,75.6
Germany,DEU,1930,82
Germany,DEU,1932,85.6
Germany,DEU,1933,95.3
Germany,DEU,1936,99
Germany,DEU,1938,99.59
Germany,DEU,1949,78.49
Germany,DEU,1953,85.99
Germany,DEU,1957,87.77
Germany,DEU,1961,87.74
Germany,DEU,1965,86.77
Germany,DEU,1969,86.67
Germany,DEU,1972,91.11
Germany,DEU,1976,90.75
Germany,DEU,1980,88.57
Germany,DEU,1983,89.09
Germany,DEU,1987,84.33
Germany,DEU,1990,77.76
Germany,DEU,1994,78.97
Germany,DEU,1998,82.2
Germany,DEU,2002,79.08
Germany,DEU,2005,77.65
Germany,DEU,2009,70.78
Germany,DEU,2013,71.53
Germany,DEU,2017,76.15
Germany,DEU,2021,76.57
Ghana,GHA,1956,50.06
Ghana,GHA,1969,63.2
Ghana,GHA,1979,35.25
Ghana,GHA,1992,50.16
Ghana,GHA,1996,78.21
Ghana,GHA,2000,61.74
Ghana,GHA,2004,85.12
Ghana,GHA,2008,72.91
Ghana,GHA,2012,80.15
Ghana,GHA,2016,67.55
Ghana,GHA,2020,78.89
Greece,GRC,1926,61.4
Greece,GRC,1951,77.2
Greece,GRC,1952,75.37
Greece,GRC,1956,74.97
Greece,GRC,1958,75.48
Greece,GRC,1961,81.87
Greece,GRC,1963,83.04
Greece,GRC,1964,81.69
Greece,GRC,1974,79.58
Greece,GRC,1977,81.11
Greece,GRC,1981,81.5
Greece,GRC,1985,83.81
Greece,GRC,1989,84.5
Greece,GRC,1993,82.95
Greece,GRC,1996,76.34
Greece,GRC,2000,74.97
Greece,GRC,2004,76.62
Greece,GRC,2007,74.14
Greece,GRC,2009,70.92
Greece,GRC,2012,65.1
Greece,GRC,2015,63.6
Greece,GRC,2019,57.91
Guatemala,GTM,1944,86.25
Guatemala,GTM,1950,71.59
Guatemala,GTM,1954,69.46
Guatemala,GTM,1959,44.64
Guatemala,GTM,1961,44.48
Guatemala,GTM,1966,56.27
Guatemala,GTM,1970,53.82
Guatemala,GTM,1974,46.41
Guatemala,GTM,1978,36.52
Guatemala,GTM,1982,45.83
Guatemala,GTM,1984,78
Guatemala,GTM,1985,60.21
Guatemala,GTM,1990,59.44
Guatemala,GTM,1991,45.26
Guatemala,GTM,1994,21.01
Guatemala,GTM,1995,36.91
Guatemala,GTM,1996,36.9
Guatemala,GTM,1999,40.39
Guatemala,GTM,2003,54.5
Guatemala,GTM,2007,60.46
Guatemala,GTM,2011,69.38
Guatemala,GTM,2015,71.33
Guatemala,GTM,2019,62.16
Guinea,GIN,1957,60.3
Guinea,GIN,1961,99.4
Guinea,GIN,1968,99.7
Guinea,GIN,1974,99.7
Guinea,GIN,1980,95.69
Guinea,GIN,1982,98.8
Guinea,GIN,1993,78.46
Guinea,GIN,1995,61.86
Guinea,GIN,1998,69.83
Guinea,GIN,2002,71.98
Guinea,GIN,2003,82.76
Guinea,GIN,2010,67.87
Guinea,GIN,2013,63.53
Guinea,GIN,2015,68.36
Guinea,GIN,2020,78.88
Guinea-Bissau,GNB,1994,79.83
Guinea-Bissau,GNB,1999,71.89
Guinea-Bissau,GNB,2000,71.89
Guinea-Bissau,GNB,2004,74.34
Guinea-Bissau,GNB,2005,87.63
Guinea-Bissau,GNB,2008,82
Guinea-Bissau,GNB,2009,61.09
Guinea-Bissau,GNB,2012,55
Guinea-Bissau,GNB,2014,89.3
Guinea-Bissau,GNB,2019,84.69
Guyana,GUY,1947,71
Guyana,GUY,1953,74.77
Guyana,GUY,1957,55.79
Guyana,GUY,1961,89.44
Guyana,GUY,1964,96.98
Guyana,GUY,1968,85.14
Guyana,GUY,1973,82.92
Guyana,GUY,1980,93.64
Guyana,GUY,1985,73.8
Guyana,GUY,1992,81
Guyana,GUY,1997,88.42
Guyana,GUY,2001,91.73
Guyana,GUY,2006,68.82
Guyana,GUY,2011,72.89
Guyana,GUY,2015,72.19
Guyana,GUY,2020,72.58
Haiti,HTI,1990,50.16
Haiti,HTI,1995,31.09
Haiti,HTI,1997,27.8
Haiti,HTI,2000,78.29
Haiti,HTI,2006,59.26
Haiti,HTI,2010,23
Haiti,HTI,2011,22.36
Haiti,HTI,2015,28.8
Haiti,HTI,2016,18.11
Honduras,HND,1948,85.97
Honduras,HND,1954,61.41
Honduras,HND,1957,63.49
Honduras,HND,1965,75.3
Honduras,HND,1971,67.54
Honduras,HND,1980,81.35
Honduras,HND,1981,77.95
Honduras,HND,1985,84.02
Honduras,HND,1989,76.03
Honduras,HND,1993,64.97
Honduras,HND,1997,72.09
Honduras,HND,2001,66.34
Honduras,HND,2005,55.08
Honduras,HND,2009,49.88
Honduras,HND,2013,61.16
Honduras,HND,2017,59.49
Hong Kong,HKG,1995,38.8
Hong Kong,HKG,1998,53.29
Hong Kong,HKG,2000,43.57
Hong Kong,HKG,2004,55.64
Hong Kong,HKG,2008,45.2
Hong Kong,HKG,2012,53.05
Hong Kong,HKG,2016,58.28
Hong Kong,HKG,2021,30
Hungary,HUN,1926,76
Hungary,HUN,1939,89.7
Hungary,HUN,1945,92.6
Hungary,HUN,1949,94.7
Hungary,HUN,1953,98
Hungary,HUN,1958,98.4
Hungary,HUN,1963,97.2
Hungary,HUN,1967,98.8
Hungary,HUN,1971,98.7
Hungary,HUN,1975,97
Hungary,HUN,1980,97
Hungary,HUN,1985,94
Hungary,HUN,1990,65.1
Hungary,HUN,1994,68.92
Hungary,HUN,1998,57.01
Hungary,HUN,2002,73.51
Hungary,HUN,2006,67.57
Hungary,HUN,2010,64.38
Hungary,HUN,2014,61.84
Hungary,HUN,2018,69.67
Hungary,HUN,2022,69.59
Iceland,ISL,1916,49.2
Iceland,ISL,1919,45.5
Iceland,ISL,1923,70.9
Iceland,ISL,1927,71.5
Iceland,ISL,1931,78.2
Iceland,ISL,1933,69
Iceland,ISL,1934,81.5
Iceland,ISL,1937,87.9
Iceland,ISL,1942,82.3
Iceland,ISL,1946,87.41
Iceland,ISL,1949,89.03
Iceland,ISL,1952,82.03
Iceland,ISL,1953,89.9
Iceland,ISL,1956,92.07
Iceland,ISL,1959,90.63
Iceland,ISL,1963,91.14
Iceland,ISL,1967,91.37
Iceland,ISL,1968,92.16
Iceland,ISL,1971,90.44
Iceland,ISL,1974,91.44
Iceland,ISL,1978,90.27
Iceland,ISL,1979,89.34
Iceland,ISL,1980,90.5
Iceland,ISL,1983,88.6
Iceland,ISL,1987,90.1
Iceland,ISL,1988,72.8
Iceland,ISL,1991,87.62
Iceland,ISL,1995,87.38
Iceland,ISL,1996,85.9
Iceland,ISL,1999,84.07
Iceland,ISL,2003,87.7
Iceland,ISL,2004,62.92
Iceland,ISL,2007,83.6
Iceland,ISL,2009,85.12
Iceland,ISL,2012,69.32
Iceland,ISL,2013,81.44
Iceland,ISL,2016,79.18
Iceland,ISL,2017,81.2
Iceland,ISL,2020,66.92
Iceland,ISL,2021,80.09
India,IND,1951,61.17
India,IND,1957,62.23
India,IND,1962,55.42
India,IND,1967,61.04
India,IND,1971,55.25
India,IND,1977,60.49
India,IND,1980,56.92
India,IND,1984,63.56
India,IND,1989,61.98
India,IND,1991,56.73
India,IND,1996,57.94
India,IND,1998,61.97
India,IND,1999,59.99
India,IND,2004,58.07
India,IND,2009,58.17
India,IND,2014,66.4
India,IND,2019,67.47
Indonesia,IDN,1971,94.02
Indonesia,IDN,1977,90.57
Indonesia,IDN,1982,91.23
Indonesia,IDN,1987,91.3
Indonesia,IDN,1992,90.91
Indonesia,IDN,1997,88.93
Indonesia,IDN,1999,93.3
Indonesia,IDN,2004,84.09
Indonesia,IDN,2009,71.91
Indonesia,IDN,2014,75.11
Indonesia,IDN,2019,81.93
Iran,IRN,1963,91.7
Iran,IRN,1967,35
Iran,IRN,1971,35
Iran,IRN,1975,48.6
Iran,IRN,1980,67.4
Iran,IRN,1984,65.1
Iran,IRN,1989,60
Iran,IRN,1993,63
Iran,IRN,1997,80
Iran,IRN,2001,72.76
Iran,IRN,2004,50.57
Iran,IRN,2005,62.66
Iran,IRN,2008,49.47
Iran,IRN,2009,84.77
Iran,IRN,2012,64.2
Iran,IRN,2013,72.71
Iran,IRN,2016,60.09
Iran,IRN,2017,73.33
Iran,IRN,2020,42.32
Iran,IRN,2021,48.78
Iraq,IRQ,1980,80
Iraq,IRQ,1995,99.47
Iraq,IRQ,1996,93.5
Iraq,IRQ,2000,88.6
Iraq,IRQ,2002,100
Iraq,IRQ,2005,79.63
Iraq,IRQ,2010,62.4
Iraq,IRQ,2014,60.53
Iraq,IRQ,2018,44.85
Iraq,IRQ,2021,43.54
Ireland,IRL,1832,70.4
Ireland,IRL,1835,65
Ireland,IRL,1837,63.6
Ireland,IRL,1841,63.4
Ireland,IRL,1847,53.4
Ireland,IRL,1852,57.9
Ireland,IRL,1857,58.9
Ireland,IRL,1859,63.7
Ireland,IRL,1865,62.5
Ireland,IRL,1868,68.5
Ireland,IRL,1874,66.4
Ireland,IRL,1880,72.2
Ireland,IRL,1885,81.2
Ireland,IRL,1886,74.2
Ireland,IRL,1892,77.4
Ireland,IRL,1895,78.4
Ireland,IRL,1922,62.5
Ireland,IRL,1923,61.3
Ireland,IRL,1927,68.1
Ireland,IRL,1932,76.5
Ireland,IRL,1933,81.3
Ireland,IRL,1937,76.2
Ireland,IRL,1938,76.7
Ireland,IRL,1943,74.2
Ireland,IRL,1944,69.2
Ireland,IRL,1945,60.24
Ireland,IRL,1948,74.25
Ireland,IRL,1951,75.27
Ireland,IRL,1954,76.45
Ireland,IRL,1957,71.25
Ireland,IRL,1959,58.4
Ireland,IRL,1961,70.61
Ireland,IRL,1965,75.14
Ireland,IRL,1966,65.35
Ireland,IRL,1969,76.93
Ireland,IRL,1973,76.61
Ireland,IRL,1977,76.31
Ireland,IRL,1981,76.22
Ireland,IRL,1982,73.8
Ireland,IRL,1987,73.33
Ireland,IRL,1989,68.51
Ireland,IRL,1990,64.1
Ireland,IRL,1992,68.49
Ireland,IRL,1997,65.92
Ireland,IRL,2002,62.57
Ireland,IRL,2007,67.03
Ireland,IRL,2011,70.05
Ireland,IRL,2016,65.05
Ireland,IRL,2018,43.87
Ireland,IRL,2020,62.77
Israel,ISR,1949,86.89
Israel,ISR,1951,75.15
Israel,ISR,1955,82.83
Israel,ISR,1959,81.6
Israel,ISR,1961,81.34
Israel,ISR,1965,85.86
Israel,ISR,1969,81.2
Israel,ISR,1973,78.58
Israel,ISR,1977,79.23
Israel,ISR,1981,78.5
Israel,ISR,1984,78.78
Israel,ISR,1988,79.66
Israel,ISR,1992,77.38
Israel,ISR,1996,79.3
Israel,ISR,2001,62.29
Israel,ISR,2003,67.81
Israel,ISR,2006,63.55
Israel,ISR,2009,64.72
Israel,ISR,2013,67.77
Israel,ISR,2015,72.34
Israel,ISR,2019,71.65
Israel,ISR,2020,71.52
Israel,ISR,2021,67.44
Israel,ISR,2022,70.63
Italy,ITA,1848,64.68
Italy,ITA,1849,65.93
Italy,ITA,1853,59.99
Italy,ITA,1857,64.72
Italy,ITA,1860,53.47
Italy,ITA,1865,53.9
Italy,ITA,1867,54.8
Italy,ITA,1870,45.5
Italy,ITA,1874,55.7
Italy,ITA,1876,59.2
Italy,ITA,1880,59.4
Italy,ITA,1882,60.7
Italy,ITA,1886,58.5
Italy,ITA,1890,53.7
Italy,ITA,1892,55.9
Italy,ITA,1895,59.3
Italy,ITA,1897,58.5
Italy,ITA,1900,58.3
Italy,ITA,1904,62.7
Italy,ITA,1909,65
Italy,ITA,1913,60.4
Italy,ITA,1919,56.6
Italy,ITA,1921,58.4
Italy,ITA,1924,63.8
Italy,ITA,1929,89.86
Italy,ITA,1934,95.59
Italy,ITA,1946,89.08
Italy,ITA,1948,92.23
Italy,ITA,1953,93.87
Italy,ITA,1958,93.72
Italy,ITA,1963,92.88
Italy,ITA,1968,92.79
Italy,ITA,1972,93.18
Italy,ITA,1976,93.37
Italy,ITA,1979,90.35
Italy,ITA,1983,89.02
Italy,ITA,1987,88.86
Italy,ITA,1992,87.44
Italy,ITA,1994,86.14
Italy,ITA,1996,82.91
Italy,ITA,2001,81.44
Italy,ITA,2006,83.62
Italy,ITA,2008,80.54
Italy,ITA,2013,75.19
Italy,ITA,2018,72.93
Italy,ITA,2022,63.79
Jamaica,JAM,1944,58.7
Jamaica,JAM,1949,65.16
Jamaica,JAM,1955,65.12
Jamaica,JAM,1959,66.07
Jamaica,JAM,1962,72.88
Jamaica,JAM,1967,82.24
Jamaica,JAM,1972,78.88
Jamaica,JAM,1976,85.21
Jamaica,JAM,1980,86.91
Jamaica,JAM,1983,2.73
Jamaica,JAM,1989,78.38
Jamaica,JAM,1993,67.68
Jamaica,JAM,1997,65.42
Jamaica,JAM,2002,59.06
Jamaica,JAM,2007,60.4
Jamaica,JAM,2011,53.17
Jamaica,JAM,2016,47.72
Jamaica,JAM,2020,37.36
Japan,JPN,1890,93.73
Japan,JPN,1892,91.59
Japan,JPN,1894,88.76
Japan,JPN,1898,87.5
Japan,JPN,1902,88.4
Japan,JPN,1903,86.2
Japan,JPN,1904,86.1
Japan,JPN,1908,85.3
Japan,JPN,1912,89.6
Japan,JPN,1920,86.7
Japan,JPN,1924,91.2
Japan,JPN,1928,80.3
Japan,JPN,1930,83.34
Japan,JPN,1932,81.67
Japan,JPN,1936,78.6
Japan,JPN,1937,73.3
Japan,JPN,1946,72.08
Japan,JPN,1947,67.95
Japan,JPN,1949,74.04
Japan,JPN,1952,76.43
Japan,JPN,1953,74.21
Japan,JPN,1955,75.83
Japan,JPN,1958,76.98
Japan,JPN,1960,73.5
Japan,JPN,1963,71.14
Japan,JPN,1967,73.98
Japan,JPN,1969,68.5
Japan,JPN,1972,71.75
Japan,JPN,1976,73.44
Japan,JPN,1979,68
Japan,JPN,1980,74.56
Japan,JPN,1983,67.98
Japan,JPN,1986,63.99
Japan,JPN,1990,73.31
Japan,JPN,1993,67.02
Japan,JPN,1996,59.65
Japan,JPN,2000,60.62
Japan,JPN,2003,59.8
Japan,JPN,2005,67.46
Japan,JPN,2009,69.27
Japan,JPN,2012,59.32
Japan,JPN,2014,52.66
Japan,JPN,2017,53.68
Japan,JPN,2021,55.97
Jordan,JOR,1967,70
Jordan,JOR,1989,53.06
Jordan,JOR,1993,54.77
Jordan,JOR,1997,47.45
Jordan,JOR,2003,57.75
Jordan,JOR,2007,54
Jordan,JOR,2010,53
Jordan,JOR,2013,56.45
Jordan,JOR,2016,36.1
Jordan,JOR,2020,29.9
Kazakhstan,KAZ,1917,48.44
Kazakhstan,KAZ,1990,84
Kazakhstan,KAZ,1991,88.2
Kazakhstan,KAZ,1994,73.52
Kazakhstan,KAZ,1995,80.73
Kazakhstan,KAZ,1999,85.77
Kazakhstan,KAZ,2004,56.49
Kazakhstan,KAZ,2005,76.78
Kazakhstan,KAZ,2007,68.41
Kazakhstan,KAZ,2011,89.99
Kazakhstan,KAZ,2012,75.44
Kazakhstan,KAZ,2015,95.21
Kazakhstan,KAZ,2016,77.1
Kazakhstan,KAZ,2019,77.54
Kazakhstan,KAZ,2021,63.25
Kenya,KEN,1992,66.81
Kenya,KEN,1997,83.86
Kenya,KEN,2002,57.18
Kenya,KEN,2007,69.09
Kenya,KEN,2013,85.91
Kenya,KEN,2017,79.49
Kenya,KEN,2022,64.77
Kosovo,OWID_KOS,2004,49.52
Kosovo,OWID_KOS,2007,43.23
Kosovo,OWID_KOS,2010,45.62
Kosovo,OWID_KOS,2014,42.63
Kosovo,OWID_KOS,2017,41.3
Kosovo,OWID_KOS,2019,43.2
Kuwait,KWT,1961,90
Kuwait,KWT,1963,85
Kuwait,KWT,1967,65.6
Kuwait,KWT,1971,51.6
Kuwait,KWT,1975,58.24
Kuwait,KWT,1981,90
Kuwait,KWT,1985,84.59
Kuwait,KWT,1990,62.3
Kuwait,KWT,1992,85
Kuwait,KWT,1996,80
Kuwait,KWT,1999,83.2
Kuwait,KWT,2006,91.92
Kuwait,KWT,2008,59.41
Kuwait,KWT,2009,59
Kuwait,KWT,2012,59.53
Kuwait,KWT,2013,51.9
Kuwait,KWT,2016,70
Kuwait,KWT,2020,60
Kuwait,KWT,2022,50
Kyrgyzstan,KGZ,1917,48.44
Kyrgyzstan,KGZ,1990,92
Kyrgyzstan,KGZ,1991,89
Kyrgyzstan,KGZ,1995,86.19
Kyrgyzstan,KGZ,2000,77.26
Kyrgyzstan,KGZ,2005,74.97
Kyrgyzstan,KGZ,2007,75.2
Kyrgyzstan,KGZ,2009,79.2
Kyrgyzstan,KGZ,2010,56.59
Kyrgyzstan,KGZ,2011,61.28
Kyrgyzstan,KGZ,2015,56.62
Kyrgyzstan,KGZ,2017,56.32
Kyrgyzstan,KGZ,2020,56.2
Kyrgyzstan,KGZ,2021,39.16
Laos,LAO,1955,75.6
Laos,LAO,1958,85.1
Laos,LAO,1972,67.76
Laos,LAO,1989,98.4
Laos,LAO,1992,99.26
Laos,LAO,1997,99.37
Laos,LAO,2002,99.9
Laos,LAO,2006,99.76
Laos,LAO,2011,99.69
Laos,LAO,2016,97.94
Laos,LAO,2021,98.02
Latvia,LVA,1917,48.44
Latvia,LVA,1920,89.1
Latvia,LVA,1922,83.1
Latvia,LVA,1925,74.9
Latvia,LVA,1928,79.3
Latvia,LVA,1931,80
Latvia,LVA,1990,81.2
Latvia,LVA,1993,89.88
Latvia,LVA,1995,71.9
Latvia,LVA,1998,70.9
Latvia,LVA,2002,71.17
Latvia,LVA,2006,60.98
Latvia,LVA,2010,64.72
Latvia,LVA,2011,59.49
Latvia,LVA,2014,58.8
Latvia,LVA,2018,54.58
Latvia,LVA,2022,59.43
Lebanon,LBN,1943,50.9
Lebanon,LBN,1947,61.5
Lebanon,LBN,1951,54.7
Lebanon,LBN,1953,50
Lebanon,LBN,1957,53.2
Lebanon,LBN,1960,50.7
Lebanon,LBN,1964,53
Lebanon,LBN,1968,49.6
Lebanon,LBN,1972,54.4
Lebanon,LBN,1992,30.35
Lebanon,LBN,1996,43.14
Lebanon,LBN,2000,44.97
Lebanon,LBN,2005,46.47
Lebanon,LBN,2009,53.98
Lebanon,LBN,2018,49.7
Lebanon,LBN,2022,49.19
Lesotho,LSO,1965,62.32
Lesotho,LSO,1970,81.9
Lesotho,LSO,1993,72.28
Lesotho,LSO,1998,71.83
Lesotho,LSO,2002,66.69
Lesotho,LSO,2007,49
Lesotho,LSO,2012,50.04
Lesotho,LSO,2015,46.61
Lesotho,LSO,2017,46.37
Lesotho,LSO,2022,37.44
Liberia,LBR,1901,46.61
Liberia,LBR,1975,80
Liberia,LBR,1997,89
Liberia,LBR,2005,76.49
Liberia,LBR,2011,71.64
Liberia,LBR,2017,75.19
Libya,LBY,2012,61.58
Libya,LBY,2014,49.7
Lithuania,LTU,1917,48.44
Lithuania,LTU,1926,86.4
Lithuania,LTU,1990,71.72
Lithuania,LTU,1992,75.22
Lithuania,LTU,1993,78.62
Lithuania,LTU,1996,52.95
Lithuania,LTU,1998,73.66
Lithuania,LTU,2000,58.18
Lithuania,LTU,2002,53.92
Lithuania,LTU,2003,52.65
Lithuania,LTU,2004,52.46
Lithuania,LTU,2008,48.59
Lithuania,LTU,2009,51.76
Lithuania,LTU,2012,52.93
Lithuania,LTU,2014,52.14
Lithuania,LTU,2016,50.6
Lithuania,LTU,2019,57.37
Lithuania,LTU,2020,47.8
Luxembourg,LUX,1919,48.4
Luxembourg,LUX,1948,91.9
Luxembourg,LUX,1951,90.78
Luxembourg,LUX,1954,92.65
Luxembourg,LUX,1959,92.33
Luxembourg,LUX,1964,90.57
Luxembourg,LUX,1968,88.56
Luxembourg,LUX,1974,90.14
Luxembourg,LUX,1979,88.85
Luxembourg,LUX,1984,88.81
Luxembourg,LUX,1989,87.39
Luxembourg,LUX,1994,88.3
Luxembourg,LUX,1999,86.51
Luxembourg,LUX,2004,91.98
Luxembourg,LUX,2009,90.63
Luxembourg,LUX,2013,91.15
Luxembourg,LUX,2018,89.66
Madagascar,MDG,1965,94.43
Madagascar,MDG,1970,94.77
Madagascar,MDG,1982,86.75
Madagascar,MDG,1983,72.75
Madagascar,MDG,1989,81.04
Madagascar,MDG,1992,74.67
Madagascar,MDG,1993,68.49
Madagascar,MDG,1996,60.93
Madagascar,MDG,1998,60.13
Madagascar,MDG,2001,66.85
Madagascar,MDG,2002,67.86
Madagascar,MDG,2006,61.93
Madagascar,MDG,2013,61.76
Madagascar,MDG,2018,53.9
Madagascar,MDG,2019,40
Malawi,MWI,1961,75.71
Malawi,MWI,1992,80
Malawi,MWI,1994,80.54
Malawi,MWI,1999,93.76
Malawi,MWI,2004,63.59
Malawi,MWI,2009,78.28
Malawi,MWI,2014,70.75
Malawi,MWI,2019,74.44
Malawi,MWI,2020,64.81
Malaysia,MYS,1955,82.8
Malaysia,MYS,1959,73.3
Malaysia,MYS,1964,78.9
Malaysia,MYS,1969,73.6
Malaysia,MYS,1982,72.1
Malaysia,MYS,1986,74.39
Malaysia,MYS,1990,70
Malaysia,MYS,1995,71.8
Malaysia,MYS,1999,68.65
Malaysia,MYS,2004,73.9
Malaysia,MYS,2008,75.99
Malaysia,MYS,2013,84.84
Malaysia,MYS,2018,82.32
Malaysia,MYS,2022,73.89
Maldives,MDV,1968,99
Maldives,MDV,1978,87.12
Maldives,MDV,1989,68.68
Maldives,MDV,1994,77.4
Maldives,MDV,1998,76.67
Maldives,MDV,1999,77.4
Maldives,MDV,2003,77.46
Maldives,MDV,2005,71.29
Maldives,MDV,2008,86.58
Maldives,MDV,2009,78.87
Maldives,MDV,2013,91.43
Maldives,MDV,2014,77.93
Maldives,MDV,2018,89.22
Maldives,MDV,2019,75.52
Mali,MLI,1957,34
Mali,MLI,1959,32.3
Mali,MLI,1964,88.9
Mali,MLI,1979,97
Mali,MLI,1982,96
Mali,MLI,1988,97.8
Mali,MLI,1992,23.6
Mali,MLI,1997,28.41
Mali,MLI,2002,38.57
Mali,MLI,2007,36.24
Mali,MLI,2013,48.98
Mali,MLI,2018,42.7
Mali,MLI,2020,35.58
Malta,MLT,1947,75.44
Malta,MLT,1950,76.02
Malta,MLT,1951,74.59
Malta,MLT,1953,80.37
Malta,MLT,1955,81.16
Malta,MLT,1962,90.77
Malta,MLT,1966,89.71
Malta,MLT,1971,92.93
Malta,MLT,1976,95
Malta,MLT,1981,94.64
Malta,MLT,1987,96.11
Malta,MLT,1992,96.04
Malta,MLT,1996,97.16
Malta,MLT,1998,95.4
Malta,MLT,2003,95.7
Malta,MLT,2008,93.3
Malta,MLT,2013,92.95
Malta,MLT,2017,92.06
Malta,MLT,2022,85.63
Mauritania,MRT,1957,71.3
Mauritania,MRT,1959,90.3
Mauritania,MRT,1961,93.6
Mauritania,MRT,1965,92.8
Mauritania,MRT,1966,96.2
Mauritania,MRT,1971,96.3
Mauritania,MRT,1975,87.4
Mauritania,MRT,1976,97.9
Mauritania,MRT,1992,46.55
Mauritania,MRT,1996,52.06
Mauritania,MRT,1997,74.73
Mauritania,MRT,2001,54.45
Mauritania,MRT,2003,60.86
Mauritania,MRT,2006,73.42
Mauritania,MRT,2007,70.16
Mauritania,MRT,2009,61.51
Mauritania,MRT,2013,78.22
Mauritania,MRT,2014,56.46
Mauritania,MRT,2018,72.46
Mauritania,MRT,2019,62.66
Mauritius,MUS,1967,88.9
Mauritius,MUS,1976,88
Mauritius,MUS,1982,90
Mauritius,MUS,1983,87.04
Mauritius,MUS,1987,85
Mauritius,MUS,1991,84.08
Mauritius,MUS,1995,76.69
Mauritius,MUS,2000,80.87
Mauritius,MUS,2005,81.25
Mauritius,MUS,2010,77.82
Mauritius,MUS,2014,74.41
Mauritius,MUS,2019,77.01
Mexico,MEX,1946,89.75
Mexico,MEX,1949,72.31
Mexico,MEX,1952,74.15
Mexico,MEX,1955,69.24
Mexico,MEX,1958,70.21
Mexico,MEX,1961,68.43
Mexico,MEX,1964,69.33
Mexico,MEX,1967,62.82
Mexico,MEX,1970,64.26
Mexico,MEX,1973,60.3
Mexico,MEX,1976,64.55
Mexico,MEX,1979,49.43
Mexico,MEX,1982,74.84
Mexico,MEX,1985,51.82
Mexico,MEX,1988,50.14
Mexico,MEX,1991,61.11
Mexico,MEX,1994,78.5
Mexico,MEX,1997,57.69
Mexico,MEX,2000,63.96
Mexico,MEX,2003,61.68
Mexico,MEX,2006,58.55
Mexico,MEX,2009,44.61
Mexico,MEX,2012,63.14
Mexico,MEX,2015,47.72
Mexico,MEX,2018,63.21
Mexico,MEX,2021,52.66
Moldova,MDA,1917,48.44
Moldova,MDA,1991,84
Moldova,MDA,1994,79.31
Moldova,MDA,1996,71.64
Moldova,MDA,1998,69.12
Moldova,MDA,2001,69.96
Moldova,MDA,2005,64.84
Moldova,MDA,2009,60.17
Moldova,MDA,2010,63.37
Moldova,MDA,2014,55.8
Moldova,MDA,2016,53.45
Moldova,MDA,2019,51.98
Moldova,MDA,2020,55.08
Moldova,MDA,2021,48.51
Mongolia,MNG,1951,99.9
Mongolia,MNG,1954,100
Mongolia,MNG,1957,100
Mongolia,MNG,1960,100
Mongolia,MNG,1963,100
Mongolia,MNG,1966,100
Mongolia,MNG,1969,100
Mongolia,MNG,1973,100
Mongolia,MNG,1977,100
Mongolia,MNG,1981,100
Mongolia,MNG,1986,100
Mongolia,MNG,1990,98
Mongolia,MNG,1992,95.6
Mongolia,MNG,1993,59.9
Mongolia,MNG,1996,88.39
Mongolia,MNG,1997,85.1
Mongolia,MNG,2000,82.42
Mongolia,MNG,2001,82.9
Mongolia,MNG,2004,81.84
Mongolia,MNG,2005,74.9
Mongolia,MNG,2008,74.31
Mongolia,MNG,2009,73.48
Mongolia,MNG,2012,65.24
Mongolia,MNG,2013,66.79
Mongolia,MNG,2016,73.58
Mongolia,MNG,2017,68.63
Mongolia,MNG,2020,73.64
Mongolia,MNG,2021,59.35
Montenegro,MNE,2002,74.6
Montenegro,MNE,2003,48.38
Montenegro,MNE,2006,72.05
Montenegro,MNE,2008,68.7
Montenegro,MNE,2009,66.19
Montenegro,MNE,2012,70.56
Montenegro,MNE,2013,63.9
Montenegro,MNE,2016,73.41
Montenegro,MNE,2018,63.92
Montenegro,MNE,2020,76.65
Morocco,MAR,1963,71.8
Morocco,MAR,1970,85.34
Morocco,MAR,1977,82.36
Morocco,MAR,1984,67.43
Morocco,MAR,1993,62.75
Morocco,MAR,1997,58.3
Morocco,MAR,2002,51.61
Morocco,MAR,2007,37
Morocco,MAR,2011,45.4
Morocco,MAR,2016,43
Morocco,MAR,2021,50.18
Mozambique,MOZ,1973,92.1
Mozambique,MOZ,1994,88.03
Mozambique,MOZ,1999,69.51
Mozambique,MOZ,2004,36.42
Mozambique,MOZ,2009,44.63
Mozambique,MOZ,2014,48.84
Mozambique,MOZ,2019,51.41
Myanmar,MMR,1947,49.8
Myanmar,MMR,1951,18.75
Myanmar,MMR,1956,51.97
Myanmar,MMR,1960,66
Myanmar,MMR,1974,94.6
Myanmar,MMR,1978,93.3
Myanmar,MMR,1981,94.6
Myanmar,MMR,1990,73.33
Myanmar,MMR,2010,77.26
Myanmar,MMR,2015,69.75
Myanmar,MMR,2020,71.89
Namibia,NAM,1978,80.2
Namibia,NAM,1989,97.04
Namibia,NAM,1994,74.18
Namibia,NAM,1999,62.06
Namibia,NAM,2004,85.47
Namibia,NAM,2014,71.76
Namibia,NAM,2019,60.38
Nepal,NPL,1959,42.19
Nepal,NPL,1981,52.3
Nepal,NPL,1986,60.31
Nepal,NPL,1991,88.13
Nepal,NPL,1994,86.74
Nepal,NPL,1999,65.79
Nepal,NPL,2008,63.29
Nepal,NPL,2013,78.34
Nepal,NPL,2017,68.67
Nepal,NPL,2022,61.35
Netherlands,NLD,1848,80.4
Netherlands,NLD,1850,67.6
Netherlands,NLD,1852,48.3
Netherlands,NLD,1853,71
Netherlands,NLD,1854,50.7
Netherlands,NLD,1856,48.7
Netherlands,NLD,1858,41.9
Netherlands,NLD,1860,41.1
Netherlands,NLD,1862,42.2
Netherlands,NLD,1864,52.4
Netherlands,NLD,1866,73.9
Netherlands,NLD,1868,65.5
Netherlands,NLD,1869,67.4
Netherlands,NLD,1871,60.2
Netherlands,NLD,1873,61.1
Netherlands,NLD,1875,66.3
Netherlands,NLD,1877,56.6
Netherlands,NLD,1879,57.5
Netherlands,NLD,1881,58.2
Netherlands,NLD,1883,62.1
Netherlands,NLD,1884,69.1
Netherlands,NLD,1886,75.6
Netherlands,NLD,1887,55.1
Netherlands,NLD,1888,81.7
Netherlands,NLD,1891,71.6
Netherlands,NLD,1894,57.2
Netherlands,NLD,1897,78
Netherlands,NLD,1925,91.4
Netherlands,NLD,1929,92.7
Netherlands,NLD,1933,94.5
Netherlands,NLD,1937,94.4
Netherlands,NLD,1946,93.12
Netherlands,NLD,1948,93.67
Netherlands,NLD,1952,94.98
Netherlands,NLD,1956,95.5
Netherlands,NLD,1959,95.57
Netherlands,NLD,1963,95.13
Netherlands,NLD,1967,94.95
Netherlands,NLD,1971,79.08
Netherlands,NLD,1972,83.5
Netherlands,NLD,1977,88
Netherlands,NLD,1981,87.03
Netherlands,NLD,1982,80.98
Netherlands,NLD,1986,85.76
Netherlands,NLD,1989,80.27
Netherlands,NLD,1994,78.75
Netherlands,NLD,1998,73.23
Netherlands,NLD,2002,79.06
Netherlands,NLD,2003,80.04
Netherlands,NLD,2006,80.35
Netherlands,NLD,2010,75.4
Netherlands,NLD,2012,74.56
Netherlands,NLD,2017,81.93
New Zealand,NZL,1879,66.5
New Zealand,NZL,1881,66.5
New Zealand,NZL,1884,60.6
New Zealand,NZL,1887,67.1
New Zealand,NZL,1890,80.4
New Zealand,NZL,1893,75.3
New Zealand,NZL,1896,76.1
New Zealand,NZL,1899,77.6
New Zealand,NZL,1902,76.7
New Zealand,NZL,1905,83.3
New Zealand,NZL,1908,79.8
New Zealand,NZL,1911,83.5
New Zealand,NZL,1914,84.7
New Zealand,NZL,1919,80.5
New Zealand,NZL,1922,87.7
New Zealand,NZL,1925,90.02
New Zealand,NZL,1928,88.01
New Zealand,NZL,1931,83.3
New Zealand,NZL,1935,90.75
New Zealand,NZL,1938,92.9
New Zealand,NZL,1946,97.6
New Zealand,NZL,1949,97.01
New Zealand,NZL,1951,96.21
New Zealand,NZL,1954,94.57
New Zealand,NZL,1957,93.44
New Zealand,NZL,1960,90.26
New Zealand,NZL,1963,89.56
New Zealand,NZL,1966,86.6
New Zealand,NZL,1969,89.88
New Zealand,NZL,1972,89.83
New Zealand,NZL,1975,83.17
New Zealand,NZL,1978,84.9
New Zealand,NZL,1981,91.44
New Zealand,NZL,1984,93.71
New Zealand,NZL,1987,89.06
New Zealand,NZL,1990,85.24
New Zealand,NZL,1993,85.2
New Zealand,NZL,1996,88.28
New Zealand,NZL,1999,84.77
New Zealand,NZL,2002,76.98
New Zealand,NZL,2005,80.29
New Zealand,NZL,2008,79.46
New Zealand,NZL,2011,74.21
New Zealand,NZL,2014,76.95
New Zealand,NZL,2017,79.75
New Zealand,NZL,2020,82.24
Nicaragua,NIC,1963,79.13
Nicaragua,NIC,1972,73.04
Nicaragua,NIC,1974,69.43
Nicaragua,NIC,1990,86.23
Nicaragua,NIC,1996,76.39
Nicaragua,NIC,2001,74.91
Nicaragua,NIC,2006,61.23
Nicaragua,NIC,2011,79.09
Nicaragua,NIC,2016,65.6
Nicaragua,NIC,2021,66.24
Niger,NER,1993,35.22
Niger,NER,1995,34.97
Niger,NER,1996,64.1
Niger,NER,1999,39.4
Niger,NER,2004,48.25
Niger,NER,2009,51.27
Niger,NER,2011,50.4
Niger,NER,2016,66.27
Niger,NER,2020,69.67
Niger,NER,2021,62.91
Nigeria,NGA,1959,79.52
Nigeria,NGA,1979,35.25
Nigeria,NGA,1983,38.9
Nigeria,NGA,1992,25
Nigeria,NGA,1999,52.26
Nigeria,NGA,2003,69.08
Nigeria,NGA,2007,57.49
Nigeria,NGA,2011,53.68
Nigeria,NGA,2015,43.7
Nigeria,NGA,2019,34.75
North Korea,PRK,1948,99.91
North Korea,PRK,1957,99.99
North Korea,PRK,1962,100
North Korea,PRK,1967,100
North Korea,PRK,1972,100
North Korea,PRK,1977,100
North Korea,PRK,1982,100
North Korea,PRK,1986,100
North Korea,PRK,1990,99.78
North Korea,PRK,1998,99.85
North Korea,PRK,2003,99.9
North Korea,PRK,2009,99.98
North Korea,PRK,2014,99.97
North Korea,PRK,2019,99.99
North Macedonia,MKD,1994,77.76
North Macedonia,MKD,1998,72.9
North Macedonia,MKD,1999,69.1
North Macedonia,MKD,2002,74.6
North Macedonia,MKD,2004,53.64
North Macedonia,MKD,2006,55.98
North Macedonia,MKD,2008,57.99
North Macedonia,MKD,2009,56.9
North Macedonia,MKD,2011,63.48
North Macedonia,MKD,2014,54.36
North Macedonia,MKD,2016,66.79
North Macedonia,MKD,2019,46.65
North Macedonia,MKD,2020,52.02
Norway,NOR,1829,45.3
Norway,NOR,1832,48
Norway,NOR,1835,52.3
Norway,NOR,1838,50.3
Norway,NOR,1841,50.9
Norway,NOR,1844,49.4
Norway,NOR,1847,49.1
Norway,NOR,1850,50.3
Norway,NOR,1853,45.4
Norway,NOR,1856,44.1
Norway,NOR,1859,47.7
Norway,NOR,1862,44.6
Norway,NOR,1865,41.8
Norway,NOR,1868,47.6
Norway,NOR,1870,45.1
Norway,NOR,1873,45.6
Norway,NOR,1876,43.1
Norway,NOR,1879,48.7
Norway,NOR,1882,72.5
Norway,NOR,1885,75.1
Norway,NOR,1888,70.4
Norway,NOR,1891,73.7
Norway,NOR,1894,90.2
Norway,NOR,1897,85.3
Norway,NOR,1900,57.3
Norway,NOR,1903,55.5
Norway,NOR,1906,60.9
Norway,NOR,1909,56.6
Norway,NOR,1912,65.9
Norway,NOR,1915,57.6
Norway,NOR,1918,60.5
Norway,NOR,1921,67.9
Norway,NOR,1924,69.9
Norway,NOR,1927,68.1
Norway,NOR,1930,77.6
Norway,NOR,1933,76.4
Norway,NOR,1936,84
Norway,NOR,1945,76.36
Norway,NOR,1949,82.02
Norway,NOR,1953,79.33
Norway,NOR,1957,78.32
Norway,NOR,1961,79.07
Norway,NOR,1965,85.43
Norway,NOR,1969,83.84
Norway,NOR,1973,80.24
Norway,NOR,1977,82.89
Norway,NOR,1981,81.99
Norway,NOR,1985,84.03
Norway,NOR,1989,83.16
Norway,NOR,1993,75.85
Norway,NOR,1997,78.33
Norway,NOR,2001,75.48
Norway,NOR,2005,77.44
Norway,NOR,2009,76.37
Norway,NOR,2013,78.23
Norway,NOR,2017,78.22
Norway,NOR,2021,77.17
Oman,OMN,2007,62.7
Oman,OMN,2011,76.04
Oman,OMN,2015,56.66
Oman,OMN,2019,49.02
Pakistan,PAK,1977,55.02
Pakistan,PAK,1985,52.93
Pakistan,PAK,1988,43.07
Pakistan,PAK,1990,45.46
Pakistan,PAK,1993,40.28
Pakistan,PAK,1997,35.17
Pakistan,PAK,2002,61.53
Pakistan,PAK,2008,44.55
Pakistan,PAK,2013,53.62
Pakistan,PAK,2018,50.14
Palestine/West Bank,,1996,72.05
Palestine/West Bank,,2005,45.56
Palestine/West Bank,,2006,77.7
Panama,PAN,1948,70.86
Panama,PAN,1952,67.52
Panama,PAN,1956,79.34
Panama,PAN,1960,59.26
Panama,PAN,1964,67.1
Panama,PAN,1968,60.1
Panama,PAN,1972,84.39
Panama,PAN,1978,83.64
Panama,PAN,1984,73.45
Panama,PAN,1989,63.99
Panama,PAN,1994,73.7
Panama,PAN,1999,76.17
Panama,PAN,2004,76.9
Panama,PAN,2009,68.57
Panama,PAN,2014,76.76
Panama,PAN,2019,73.01
Papal States,,1849,33.33
Papua New Guinea,PNG,1964,72.3
Papua New Guinea,PNG,1968,48.45
Papua New Guinea,PNG,1972,59.85
Papua New Guinea,PNG,1977,60.35
Papua New Guinea,PNG,1982,51.7
Papua New Guinea,PNG,1987,73.54
Papua New Guinea,PNG,1992,81.2
Papua New Guinea,PNG,1997,65.74
Papua New Guinea,PNG,2012,76.89
Papua New Guinea,PNG,2017,51.62
Paraguay,PRY,1963,85.12
Paraguay,PRY,1967,68.9
Paraguay,PRY,1968,73.14
Paraguay,PRY,1973,77.39
Paraguay,PRY,1978,85.96
Paraguay,PRY,1983,92.62
Paraguay,PRY,1988,92.17
Paraguay,PRY,1989,54.03
Paraguay,PRY,1991,51.7
Paraguay,PRY,1993,69
Paraguay,PRY,1998,80.54
Paraguay,PRY,2003,64.2
Paraguay,PRY,2008,60.34
Paraguay,PRY,2013,68.02
Paraguay,PRY,2018,61.25
Peru,PER,1931,82.5
Peru,PER,1945,58.76
Peru,PER,1950,70.96
Peru,PER,1956,84.04
Peru,PER,1962,88.6
Peru,PER,1963,94.38
Peru,PER,1980,81.83
Peru,PER,1985,91.15
Peru,PER,1990,79.66
Peru,PER,1995,72.96
Peru,PER,2000,85.29
Peru,PER,2001,83.71
Peru,PER,2006,88.66
Peru,PER,2011,83.72
Peru,PER,2016,81.88
Peru,PER,2020,74.07
Peru,PER,2021,74.57
Philippines,PHL,1907,93.6
Philippines,PHL,1909,92.4
Philippines,PHL,1969,88.6
Philippines,PHL,1978,85.52
Philippines,PHL,1987,90
Philippines,PHL,1992,70.56
Philippines,PHL,1995,70.68
Philippines,PHL,1998,81.32
Philippines,PHL,2001,81.08
Philippines,PHL,2004,76.97
Philippines,PHL,2007,63.68
Philippines,PHL,2010,74.98
Philippines,PHL,2013,77.31
Philippines,PHL,2016,81.95
Philippines,PHL,2019,74.31
Philippines,PHL,2022,83.83
Piedmont-Sardinia,,1848,64.68
Piedmont-Sardinia,,1849,65.93
Piedmont-Sardinia,,1853,59.99
Piedmont-Sardinia,,1857,64.72
Piedmont-Sardinia,,1860,53.47
Poland,POL,1922,67.9
Poland,POL,1928,79
Poland,POL,1930,74.8
Poland,POL,1935,45.9
Poland,POL,1938,67.1
Poland,POL,1947,89.3
Poland,POL,1952,95.03
Poland,POL,1957,94.14
Poland,POL,1961,94.83
Poland,POL,1965,96.62
Poland,POL,1969,97.61
Poland,POL,1972,97.94
Poland,POL,1976,98.27
Poland,POL,1980,98.87
Poland,POL,1985,78.86
Poland,POL,1989,62.11
Poland,POL,1990,60.6
Poland,POL,1991,43.2
Poland,POL,1993,52.08
Poland,POL,1995,64.7
Poland,POL,1997,47.93
Poland,POL,2000,61.12
Poland,POL,2001,46.18
Poland,POL,2005,50.99
Poland,POL,2007,53.88
Poland,POL,2010,55.31
Poland,POL,2011,48.92
Poland,POL,2015,55.34
Poland,POL,2019,61.74
Poland,POL,2020,68.18
Portugal,PRT,1861,64.5
Portugal,PRT,1864,68.1
Portugal,PRT,1865,72
Portugal,PRT,1868,72.6
Portugal,PRT,1869,60.3
Portugal,PRT,1870,61.9
Portugal,PRT,1871,64.5
Portugal,PRT,1874,56.4
Portugal,PRT,1878,63.5
Portugal,PRT,1879,64.9
Portugal,PRT,1881,58.4
Portugal,PRT,1906,72.5
Portugal,PRT,1908,68.7
Portugal,PRT,1915,59.9
Portugal,PRT,1918,57
Portugal,PRT,1922,69.1
Portugal,PRT,1925,71
Portugal,PRT,1934,80.2
Portugal,PRT,1938,83.7
Portugal,PRT,1942,87.1
Portugal,PRT,1945,53.8
Portugal,PRT,1949,75.8
Portugal,PRT,1953,68.2
Portugal,PRT,1957,70.4
Portugal,PRT,1961,74
Portugal,PRT,1965,73.6
Portugal,PRT,1969,62.5
Portugal,PRT,1973,66.4
Portugal,PRT,1975,91.73
Portugal,PRT,1976,83.27
Portugal,PRT,1979,87.54
Portugal,PRT,1980,85.45
Portugal,PRT,1983,78.64
Portugal,PRT,1985,75.73
Portugal,PRT,1986,78.15
Portugal,PRT,1987,72.64
Portugal,PRT,1991,68.18
Portugal,PRT,1995,66.3
Portugal,PRT,1996,66.29
Portugal,PRT,1999,61.05
Portugal,PRT,2001,50.03
Portugal,PRT,2002,62.84
Portugal,PRT,2005,64.26
Portugal,PRT,2006,61.53
Portugal,PRT,2009,59.68
Portugal,PRT,2011,58.03
Portugal,PRT,2015,55.84
Portugal,PRT,2016,48.7
Portugal,PRT,2019,48.57
Portugal,PRT,2021,39.24
Portugal,PRT,2022,57.96
Republic of Vietnam,OWID_RVN,1961,89
Republic of Vietnam,OWID_RVN,1966,80.8
Republic of Vietnam,OWID_RVN,1967,83.2
Republic of Vietnam,OWID_RVN,1971,89.9
Romania,ROU,1922,76
Romania,ROU,1926,75
Romania,ROU,1927,77
Romania,ROU,1928,77.4
Romania,ROU,1931,72.5
Romania,ROU,1932,70.8
Romania,ROU,1933,68
Romania,ROU,1937,66.1
Romania,ROU,1939,89
Romania,ROU,1948,91.2
Romania,ROU,1952,97.9
Romania,ROU,1957,99.2
Romania,ROU,1961,99.8
Romania,ROU,1969,100
Romania,ROU,1975,100
Romania,ROU,1980,99.99
Romania,ROU,1985,100
Romania,ROU,1990,86.2
Romania,ROU,1992,76.3
Romania,ROU,1996,76
Romania,ROU,2000,65.31
Romania,ROU,2004,58.51
Romania,ROU,2008,39.2
Romania,ROU,2009,58.02
Romania,ROU,2012,41.76
Romania,ROU,2014,64.11
Romania,ROU,2016,37.79
Romania,ROU,2019,54.46
Romania,ROU,2020,31.84
Russia,RUS,1917,48.44
Russia,RUS,1991,74.66
Russia,RUS,1993,50
Russia,RUS,1995,64.73
Russia,RUS,1996,69.7
Russia,RUS,1999,62.33
Russia,RUS,2000,68.64
Russia,RUS,2003,55.67
Russia,RUS,2004,64.39
Russia,RUS,2007,63.71
Russia,RUS,2008,69.71
Russia,RUS,2011,60.1
Russia,RUS,2012,65.27
Russia,RUS,2016,47.88
Russia,RUS,2018,67.5
Russia,RUS,2021,51.58
Rwanda,RWA,1961,95.6
Rwanda,RWA,1965,87.6
Rwanda,RWA,1969,90.9
Rwanda,RWA,1981,96.47
Rwanda,RWA,1988,98.5
Rwanda,RWA,2003,96.5
Rwanda,RWA,2008,98.5
Rwanda,RWA,2010,97.51
Rwanda,RWA,2013,98.8
Rwanda,RWA,2017,98.15
Rwanda,RWA,2018,93.04
Sao Tome and Principe,STP,1991,76.74
Sao Tome and Principe,STP,1994,52.09
Sao Tome and Principe,STP,1996,78.7
Sao Tome and Principe,STP,1998,64.68
Sao Tome and Principe,STP,2001,70.55
Sao Tome and Principe,STP,2002,66.29
Sao Tome and Principe,STP,2006,66.9
Sao Tome and Principe,STP,2010,88.45
Sao Tome and Principe,STP,2011,74.09
Sao Tome and Principe,STP,2014,74.91
Sao Tome and Principe,STP,2016,64.31
Sao Tome and Principe,STP,2018,80.65
Sao Tome and Principe,STP,2021,67.76
Sao Tome and Principe,STP,2022,65.67
Senegal,SEN,1957,54.6
Senegal,SEN,1959,74.5
Senegal,SEN,1963,86.2
Senegal,SEN,1968,94.6
Senegal,SEN,1973,97
Senegal,SEN,1983,58.2
Senegal,SEN,1988,58.7
Senegal,SEN,1993,51.5
Senegal,SEN,1998,39.28
Senegal,SEN,2000,61
Senegal,SEN,2001,67.26
Senegal,SEN,2007,70.62
Senegal,SEN,2012,57.12
Senegal,SEN,2017,53.66
Senegal,SEN,2019,66.27
Senegal,SEN,2022,46.64
Serbia,SRB,1889,71.07
Serbia,SRB,1992,64.1
Serbia,SRB,2000,71.55
Serbia,SRB,2002,55.48
Serbia,SRB,2003,58.7
Serbia,SRB,2004,48.7
Serbia,SRB,2007,60.57
Serbia,SRB,2008,68.12
Serbia,SRB,2012,57.91
Serbia,SRB,2014,53.09
Serbia,SRB,2016,56.07
Serbia,SRB,2017,54.36
Serbia,SRB,2020,48.93
Serbia,SRB,2022,58.4
Seychelles,SYC,1948,89
Seychelles,SYC,1953,36
Seychelles,SYC,1957,59
Seychelles,SYC,1979,96.4
Seychelles,SYC,1984,95.9
Seychelles,SYC,1989,91.5
Seychelles,SYC,1992,85.3
Seychelles,SYC,1993,86.53
Seychelles,SYC,1998,86.7
Seychelles,SYC,2001,93.25
Seychelles,SYC,2002,84.52
Seychelles,SYC,2006,88.69
Seychelles,SYC,2007,85.9
Seychelles,SYC,2011,85.26
Seychelles,SYC,2015,90.06
Seychelles,SYC,2016,87.6
Seychelles,SYC,2020,88.45
Sierra Leone,SLE,1957,33.4
Sierra Leone,SLE,1996,68.59
Sierra Leone,SLE,2002,81.43
Sierra Leone,SLE,2007,76.31
Sierra Leone,SLE,2012,91.05
Sierra Leone,SLE,2018,84.2
Singapore,SGP,1955,52.7
Singapore,SGP,1959,90.1
Singapore,SGP,1963,95.1
Singapore,SGP,1968,94.09
Singapore,SGP,1972,82.15
Singapore,SGP,1976,95.1
Singapore,SGP,1980,95.48
Singapore,SGP,1984,95.59
Singapore,SGP,1988,94.7
Singapore,SGP,1991,95.03
Singapore,SGP,1993,94.48
Singapore,SGP,1997,95.91
Singapore,SGP,2001,94.61
Singapore,SGP,2006,94.01
Singapore,SGP,2011,94.65
Singapore,SGP,2015,93.56
Singapore,SGP,2020,95.81
Slovakia,SVK,1971,99.4
Slovakia,SVK,1976,99.7
Slovakia,SVK,1981,99.4
Slovakia,SVK,1986,99.2
Slovakia,SVK,1990,96.33
Slovakia,SVK,1992,84.68
Slovakia,SVK,1994,75.41
Slovakia,SVK,1998,84.25
Slovakia,SVK,1999,75.42
Slovakia,SVK,2002,70.07
Slovakia,SVK,2004,47.91
Slovakia,SVK,2006,54.67
Slovakia,SVK,2009,51.67
Slovakia,SVK,2010,58.84
Slovakia,SVK,2012,59.11
Slovakia,SVK,2014,50.48
Slovakia,SVK,2016,59.82
Slovakia,SVK,2019,48.44
Slovakia,SVK,2020,65.81
Slovenia,SVN,1907,84.6
Slovenia,SVN,1911,80.2
Slovenia,SVN,1990,83
Slovenia,SVN,1992,85.84
Slovenia,SVN,1996,73.67
Slovenia,SVN,1997,68.65
Slovenia,SVN,2000,70.36
Slovenia,SVN,2002,72.04
Slovenia,SVN,2004,60.64
Slovenia,SVN,2007,58.45
Slovenia,SVN,2008,63.1
Slovenia,SVN,2011,65.6
Slovenia,SVN,2012,48.41
Slovenia,SVN,2014,51.73
Slovenia,SVN,2017,43.9
Slovenia,SVN,2018,52.64
Slovenia,SVN,2022,70.97
Solomon Islands,SLB,1980,58.23
Solomon Islands,SLB,1984,62.04
Solomon Islands,SLB,1989,64.94
Solomon Islands,SLB,1993,63.61
Solomon Islands,SLB,1997,68.35
Solomon Islands,SLB,2001,61.88
Solomon Islands,SLB,2006,56.95
Solomon Islands,SLB,2010,52.36
Solomon Islands,SLB,2014,89.93
Solomon Islands,SLB,2019,67.54
Somalia,SOM,1956,69.12
Somalia,SOM,1984,99.86
Somaliland,OWID_SML,2010,50.31
Somaliland,OWID_SML,2017,80.32
South Africa,ZAF,1989,69.5
South Africa,ZAF,1994,86.87
South Africa,ZAF,1999,89.28
South Africa,ZAF,2004,76.73
South Africa,ZAF,2009,77.3
South Africa,ZAF,2014,73.48
South Africa,ZAF,2019,66.05
South Korea,KOR,1948,95.5
South Korea,KOR,1950,91.9
South Korea,KOR,1952,88.1
South Korea,KOR,1954,91.1
South Korea,KOR,1956,94.4
South Korea,KOR,1958,87.8
South Korea,KOR,1960,97
South Korea,KOR,1963,85
South Korea,KOR,1967,76.12
South Korea,KOR,1971,79.8
South Korea,KOR,1973,71.36
South Korea,KOR,1978,77.09
South Korea,KOR,1981,78.42
South Korea,KOR,1985,84.57
South Korea,KOR,1987,35.9
South Korea,KOR,1988,75.73
South Korea,KOR,1992,71.86
South Korea,KOR,1996,63.91
South Korea,KOR,1997,80.65
South Korea,KOR,2000,57.21
South Korea,KOR,2002,70.83
South Korea,KOR,2004,59.98
South Korea,KOR,2007,63.01
South Korea,KOR,2008,46.01
South Korea,KOR,2012,75.84
South Korea,KOR,2016,58.03
South Korea,KOR,2017,77.2
South Korea,KOR,2020,66.21
South Korea,KOR,2022,77.08
South Sudan,SSD,1968,59.86
South Sudan,SSD,1971,92.9
South Sudan,SSD,1977,98.3
South Sudan,SSD,1983,72
South Sudan,SSD,1996,72.2
South Sudan,SSD,2010,72
Spain,ESP,1834,58.9
Spain,ESP,1836,69.8
Spain,ESP,1839,64
Spain,ESP,1840,69.6
Spain,ESP,1841,61.5
Spain,ESP,1844,67.35
Spain,ESP,1846,68
Spain,ESP,1850,67.4
Spain,ESP,1851,69.8
Spain,ESP,1853,69.7
Spain,ESP,1857,63.5
Spain,ESP,1858,69.35
Spain,ESP,1863,61.6
Spain,ESP,1864,61.9
Spain,ESP,1865,53.4
Spain,ESP,1869,58.9
Spain,ESP,1872,46.6
Spain,ESP,1873,40.8
Spain,ESP,1876,60.7
Spain,ESP,1879,68.5
Spain,ESP,1881,71.4
Spain,ESP,1884,72.5
Spain,ESP,1886,69.75
Spain,ESP,1899,66
Spain,ESP,1977,76.96
Spain,ESP,1979,68.13
Spain,ESP,1982,79.83
Spain,ESP,1986,70.37
Spain,ESP,1989,70.01
Spain,ESP,1993,77.05
Spain,ESP,1996,78.06
Spain,ESP,2000,68.71
Spain,ESP,2004,75.66
Spain,ESP,2008,75.32
Spain,ESP,2011,68.94
Spain,ESP,2015,73.2
Spain,ESP,2016,69.84
Spain,ESP,2019,75.75
Sri Lanka,LKA,1947,55.81
Sri Lanka,LKA,1952,70.7
Sri Lanka,LKA,1956,69.04
Sri Lanka,LKA,1960,75.9
Sri Lanka,LKA,1965,81.13
Sri Lanka,LKA,1970,84.88
Sri Lanka,LKA,1977,86.69
Sri Lanka,LKA,1982,81.06
Sri Lanka,LKA,1988,55.32
Sri Lanka,LKA,1989,63.59
Sri Lanka,LKA,1994,76.24
Sri Lanka,LKA,1999,73.31
Sri Lanka,LKA,2000,75.63
Sri Lanka,LKA,2001,76.03
Sri Lanka,LKA,2004,75.96
Sri Lanka,LKA,2005,72.91
Sri Lanka,LKA,2010,74.5
Sri Lanka,LKA,2015,81.52
Sri Lanka,LKA,2019,83.72
Sri Lanka,LKA,2020,75.89
Sudan,SDN,1968,59.86
Sudan,SDN,1971,92.9
Sudan,SDN,1977,98.3
Sudan,SDN,1983,72
Sudan,SDN,1996,72.2
Sudan,SDN,2010,72
Sudan,SDN,2015,46.4
Suriname,SUR,1973,76.03
Suriname,SUR,1977,77.77
Suriname,SUR,1987,84.96
Suriname,SUR,1991,64.31
Suriname,SUR,1996,66.66
Suriname,SUR,2000,69.85
Suriname,SUR,2005,46.68
Suriname,SUR,2010,73.21
Suriname,SUR,2015,72.72
Suriname,SUR,2020,71.57
Sweden,SWE,1875,19.5
Sweden,SWE,1878,20.3
Sweden,SWE,1881,23.7
Sweden,SWE,1884,25.2
Sweden,SWE,1887,48.1
Sweden,SWE,1890,38.5
Sweden,SWE,1893,42.4
Sweden,SWE,1896,45.3
Sweden,SWE,1899,40.3
Sweden,SWE,1902,47.2
Sweden,SWE,1905,50.4
Sweden,SWE,1908,61.3
Sweden,SWE,1911,57
Sweden,SWE,1914,69.9
Sweden,SWE,1917,65.8
Sweden,SWE,1920,55.3
Sweden,SWE,1921,54.2
Sweden,SWE,1924,53
Sweden,SWE,1928,67.4
Sweden,SWE,1932,67.6
Sweden,SWE,1936,74.5
Sweden,SWE,1940,70.3
Sweden,SWE,1944,71.9
Sweden,SWE,1948,82.74
Sweden,SWE,1952,79.11
Sweden,SWE,1956,79.84
Sweden,SWE,1958,77.42
Sweden,SWE,1960,85.91
Sweden,SWE,1964,83.86
Sweden,SWE,1968,89.29
Sweden,SWE,1970,88.28
Sweden,SWE,1973,90.84
Sweden,SWE,1976,91.76
Sweden,SWE,1979,90.72
Sweden,SWE,1982,91.45
Sweden,SWE,1985,89.85
Sweden,SWE,1988,85.96
Sweden,SWE,1991,86.74
Sweden,SWE,1994,86.82
Sweden,SWE,1998,81.39
Sweden,SWE,2002,80.11
Sweden,SWE,2006,81.99
Sweden,SWE,2010,84.63
Sweden,SWE,2014,85.81
Sweden,SWE,2018,87.18
Sweden,SWE,2022,84.21
Switzerland,CHE,1848,44.6
Switzerland,CHE,1851,53.6
Switzerland,CHE,1854,45.7
Switzerland,CHE,1857,46.5
Switzerland,CHE,1860,49.1
Switzerland,CHE,1863,46.6
Switzerland,CHE,1866,50.6
Switzerland,CHE,1869,54.2
Switzerland,CHE,1872,62.1
Switzerland,CHE,1875,59.1
Switzerland,CHE,1878,56.9
Switzerland,CHE,1881,62.1
Switzerland,CHE,1884,63.1
Switzerland,CHE,1887,55.3
Switzerland,CHE,1890,62.5
Switzerland,CHE,1893,58.4
Switzerland,CHE,1896,55.9
Switzerland,CHE,1899,54.5
Switzerland,CHE,1902,56.8
Switzerland,CHE,1905,56.5
Switzerland,CHE,1908,52.7
Switzerland,CHE,1911,52.7
Switzerland,CHE,1914,46.4
Switzerland,CHE,1917,59.8
Switzerland,CHE,1919,80.4
Switzerland,CHE,1922,76.4
Switzerland,CHE,1925,76.8
Switzerland,CHE,1928,78.8
Switzerland,CHE,1931,78.8
Switzerland,CHE,1935,78.3
Switzerland,CHE,1939,74.3
Switzerland,CHE,1943,70
Switzerland,CHE,1947,71.69
Switzerland,CHE,1951,69.78
Switzerland,CHE,1955,69.71
Switzerland,CHE,1959,68.46
Switzerland,CHE,1963,64.46
Switzerland,CHE,1967,63.76
Switzerland,CHE,1971,56.36
Switzerland,CHE,1975,52.39
Switzerland,CHE,1979,48.06
Switzerland,CHE,1983,48.91
Switzerland,CHE,1987,47.48
Switzerland,CHE,1991,46.04
Switzerland,CHE,1995,42.25
Switzerland,CHE,1999,43.22
Switzerland,CHE,2003,45.22
Switzerland,CHE,2007,48.28
Switzerland,CHE,2011,49.1
Switzerland,CHE,2015,48.48
Switzerland,CHE,2019,45.12
Syria,SYR,1971,95.8
Syria,SYR,1978,97
Syria,SYR,1985,99.4
Syria,SYR,1990,49.6
Syria,SYR,1991,99.1
Syria,SYR,1994,61.17
Syria,SYR,1998,82.22
Syria,SYR,1999,98.5
Syria,SYR,2000,94.6
Syria,SYR,2003,63.45
Syria,SYR,2007,95.86
Syria,SYR,2012,51.26
Syria,SYR,2014,73.42
Syria,SYR,2016,57.56
Syria,SYR,2020,33.17
Syria,SYR,2021,78.64
Taiwan,TWN,1969,57.7
Taiwan,TWN,1972,68.35
Taiwan,TWN,1975,75.97
Taiwan,TWN,1980,66.4
Taiwan,TWN,1983,63.2
Taiwan,TWN,1986,65.4
Taiwan,TWN,1989,75.5
Taiwan,TWN,1991,68.32
Taiwan,TWN,1992,72.02
Taiwan,TWN,1995,67.65
Taiwan,TWN,1996,76.04
Taiwan,TWN,1998,68.09
Taiwan,TWN,2000,82.69
Taiwan,TWN,2001,66.16
Taiwan,TWN,2004,80.28
Taiwan,TWN,2005,23.36
Taiwan,TWN,2008,76.66
Taiwan,TWN,2010,40.71
Taiwan,TWN,2012,74.38
Taiwan,TWN,2016,66.27
Taiwan,TWN,2020,74.09
Tajikistan,TJK,1917,48.44
Tajikistan,TJK,1991,84.6
Tajikistan,TJK,1994,88.33
Tajikistan,TJK,1995,84
Tajikistan,TJK,1999,98.9
Tajikistan,TJK,2000,93.36
Tajikistan,TJK,2005,93.23
Tajikistan,TJK,2006,91.01
Tajikistan,TJK,2010,90.84
Tajikistan,TJK,2013,90.16
Tajikistan,TJK,2015,82
Tajikistan,TJK,2020,86.44
Tanzania,TZA,1965,82.7
Tanzania,TZA,1970,70.1
Tanzania,TZA,1975,81.7
Tanzania,TZA,1980,85.9
Tanzania,TZA,1985,75
Tanzania,TZA,1990,74.4
Tanzania,TZA,1995,76.67
Tanzania,TZA,2000,84.43
Tanzania,TZA,2005,72.23
Tanzania,TZA,2010,42.84
Tanzania,TZA,2015,67.3
Tanzania,TZA,2020,50.72
Thailand,THA,1946,32.52
Thailand,THA,1948,29.5
Thailand,THA,1952,38.95
Thailand,THA,1957,57.5
Thailand,THA,1969,49.16
Thailand,THA,1975,47
Thailand,THA,1976,43.69
Thailand,THA,1979,43.9
Thailand,THA,1983,50.76
Thailand,THA,1986,61.4
Thailand,THA,1988,63.56
Thailand,THA,1992,61.6
Thailand,THA,1995,62.04
Thailand,THA,1996,62.39
Thailand,THA,2001,69.95
Thailand,THA,2005,75.13
Thailand,THA,2007,78.51
Thailand,THA,2011,75.03
Thailand,THA,2014,46.79
Thailand,THA,2019,74.69
Togo,TGO,1952,82.3
Togo,TGO,1958,64.9
Togo,TGO,1961,90
Togo,TGO,1963,91.1
Togo,TGO,1979,99.5
Togo,TGO,1985,78.62
Togo,TGO,1986,99
Togo,TGO,1993,36.1
Togo,TGO,1994,65.12
Togo,TGO,1998,69.81
Togo,TGO,2002,67.43
Togo,TGO,2003,71.99
Togo,TGO,2005,63.58
Togo,TGO,2007,84.92
Togo,TGO,2010,64.68
Togo,TGO,2013,66.06
Togo,TGO,2015,60.94
Togo,TGO,2018,59.25
Togo,TGO,2020,92.28
Trinidad and Tobago,TTO,1946,52.9
Trinidad and Tobago,TTO,1950,70.09
Trinidad and Tobago,TTO,1956,80.09
Trinidad and Tobago,TTO,1961,88.11
Trinidad and Tobago,TTO,1966,65.79
Trinidad and Tobago,TTO,1971,33.17
Trinidad and Tobago,TTO,1976,55.83
Trinidad and Tobago,TTO,1981,56.43
Trinidad and Tobago,TTO,1986,65.45
Trinidad and Tobago,TTO,1991,65.76
Trinidad and Tobago,TTO,1995,63.3
Trinidad and Tobago,TTO,2000,63.05
Trinidad and Tobago,TTO,2001,66.13
Trinidad and Tobago,TTO,2002,69.64
Trinidad and Tobago,TTO,2007,66.03
Trinidad and Tobago,TTO,2010,69.45
Trinidad and Tobago,TTO,2015,66.84
Trinidad and Tobago,TTO,2020,58.04
Tunisia,TUN,1956,83.6
Tunisia,TUN,1959,91.7
Tunisia,TUN,1964,96.8
Tunisia,TUN,1969,99.8
Tunisia,TUN,1974,96.8
Tunisia,TUN,1979,80.1
Tunisia,TUN,1981,84.54
Tunisia,TUN,1986,82.94
Tunisia,TUN,1989,76.1
Tunisia,TUN,1994,94.9
Tunisia,TUN,1999,89.7
Tunisia,TUN,2004,91.52
Tunisia,TUN,2009,89.45
Tunisia,TUN,2011,92.24
Tunisia,TUN,2014,67.43
Tunisia,TUN,2019,55.02
Tunisia,TUN,2022,11.22
Turkey,TUR,1931,88
Turkey,TUR,1935,77.8
Turkey,TUR,1950,87.75
Turkey,TUR,1954,88.6
Turkey,TUR,1957,76.6
Turkey,TUR,1961,81.41
Turkey,TUR,1965,71.3
Turkey,TUR,1969,64.35
Turkey,TUR,1973,66.82
Turkey,TUR,1977,70.41
Turkey,TUR,1983,92.27
Turkey,TUR,1987,93.28
Turkey,TUR,1991,83.92
Turkey,TUR,1995,85.2
Turkey,TUR,1999,87.09
Turkey,TUR,2002,79.28
Turkey,TUR,2007,84.25
Turkey,TUR,2011,87.59
Turkey,TUR,2014,74.13
Turkey,TUR,2015,85.18
Turkey,TUR,2018,86.24
Turkmenistan,TKM,1917,48.44
Turkmenistan,TKM,1990,96.7
Turkmenistan,TKM,1992,99.8
Turkmenistan,TKM,1994,99.77
Turkmenistan,TKM,1999,99.6
Turkmenistan,TKM,2004,76.88
Turkmenistan,TKM,2007,98.72
Turkmenistan,TKM,2008,93.87
Turkmenistan,TKM,2012,96.7
Turkmenistan,TKM,2013,91.33
Turkmenistan,TKM,2017,97.28
Turkmenistan,TKM,2018,91.69
Turkmenistan,TKM,2022,97.17
Tuscany,OWID_TUS,1859,50
Uganda,UGA,1958,86.2
Uganda,UGA,1962,67.76
Uganda,UGA,1980,85.3
Uganda,UGA,1996,72.6
Uganda,UGA,2001,70.31
Uganda,UGA,2006,69.19
Uganda,UGA,2011,59.29
Uganda,UGA,2016,67.61
Uganda,UGA,2021,55.23
Ukraine,UKR,1994,75.81
Ukraine,UKR,1998,70.65
Ukraine,UKR,1999,74.92
Ukraine,UKR,2002,69.24
Ukraine,UKR,2004,81.12
Ukraine,UKR,2006,67.19
Ukraine,UKR,2007,62.03
Ukraine,UKR,2010,69.7
Ukraine,UKR,2012,57.4
Ukraine,UKR,2014,60.82
Ukraine,UKR,2019,63.78
United Arab Emirates,ARE,2011,27.75
United Arab Emirates,ARE,2015,35.29
United Arab Emirates,ARE,2019,34.82
United Kingdom,GBR,1832,70.4
United Kingdom,GBR,1835,65
United Kingdom,GBR,1837,63.6
United Kingdom,GBR,1841,63.4
United Kingdom,GBR,1847,53.4
United Kingdom,GBR,1852,57.9
United Kingdom,GBR,1857,58.9
United Kingdom,GBR,1859,63.7
United Kingdom,GBR,1865,62.5
United Kingdom,GBR,1868,68.5
United Kingdom,GBR,1874,66.4
United Kingdom,GBR,1880,72.2
United Kingdom,GBR,1885,81.2
United Kingdom,GBR,1886,74.2
United Kingdom,GBR,1892,77.4
United Kingdom,GBR,1895,78.4
United Kingdom,GBR,1945,72.55
United Kingdom,GBR,1950,83.61
United Kingdom,GBR,1951,81.89
United Kingdom,GBR,1955,76.78
United Kingdom,GBR,1959,78.71
United Kingdom,GBR,1964,77.17
United Kingdom,GBR,1966,75.96
United Kingdom,GBR,1970,72.15
United Kingdom,GBR,1974,72.93
United Kingdom,GBR,1979,76
United Kingdom,GBR,1983,72.81
United Kingdom,GBR,1987,75.42
United Kingdom,GBR,1992,77.83
United Kingdom,GBR,1997,71.46
United Kingdom,GBR,2001,59.38
United Kingdom,GBR,2005,61.36
United Kingdom,GBR,2010,65.77
United Kingdom,GBR,2015,66.12
United Kingdom,GBR,2017,68.93
United Kingdom,GBR,2019,67.3
United States,USA,1790,16.4
United States,USA,1792,28.4
United States,USA,1794,20.9
United States,USA,1796,23.1
United States,USA,1798,30.8
United States,USA,1800,35.5
United States,USA,1802,29.8
United States,USA,1804,39
United States,USA,1806,35
United States,USA,1808,55
United States,USA,1810,40
United States,USA,1812,47.5
United States,USA,1814,48.1
United States,USA,1816,42.3
United States,USA,1818,33.2
United States,USA,1820,41.8
United States,USA,1822,42
United States,USA,1824,42.1
United States,USA,1826,46.5
United States,USA,1828,57.1
United States,USA,1830,54.4
United States,USA,1832,59.1
United States,USA,1834,62.1
United States,USA,1836,57.5
United States,USA,1838,69.9
United States,USA,1840,77.5
United States,USA,1842,62.1
United States,USA,1844,74.5
United States,USA,1846,58.9
United States,USA,1848,67.3
United States,USA,1850,56.6
United States,USA,1852,63.2
United States,USA,1854,60.2
United States,USA,1856,70.9
United States,USA,1858,62.1
United States,USA,1860,72.1
United States,USA,1862,56.3
United States,USA,1864,66.2
United States,USA,1866,62.4
United States,USA,1868,71.8
United States,USA,1870,66.8
United States,USA,1872,72.2
United States,USA,1874,65
United States,USA,1876,82.9
United States,USA,1878,65.3
United States,USA,1880,79.3
United States,USA,1882,66.1
United States,USA,1884,78.8
United States,USA,1886,64
United States,USA,1888,79.9
United States,USA,1890,64.9
United States,USA,1892,76.25
United States,USA,1894,67.4
United States,USA,1896,78.1
United States,USA,1898,60
United States,USA,1964,95.83
United States,USA,1970,70.32
United States,USA,1972,87.09
United States,USA,1974,58.15
United States,USA,1976,88.68
United States,USA,1978,57.04
United States,USA,1980,88.6
United States,USA,1982,61.1
United States,USA,1984,87.75
United States,USA,1986,54.89
United States,USA,1988,86.2
United States,USA,1990,56.03
United States,USA,1992,86.96
United States,USA,1994,57.64
United States,USA,1996,82.26
United States,USA,1998,51.55
United States,USA,2000,85.55
United States,USA,2002,45.31
United States,USA,2004,88.5
United States,USA,2006,47.52
United States,USA,2008,70.33
United States,USA,2010,48.59
United States,USA,2012,66.66
United States,USA,2014,42.5
United States,USA,2016,65.44
United States,USA,2018,49.3
United States,USA,2020,70.75
United States,USA,2022,70.75
Uruguay,URY,1946,65.34
Uruguay,URY,1950,70.52
Uruguay,URY,1954,67.87
Uruguay,URY,1958,71.3
Uruguay,URY,1962,76.63
Uruguay,URY,1966,74.28
Uruguay,URY,1971,88.61
Uruguay,URY,1984,85.76
Uruguay,URY,1989,84.97
Uruguay,URY,1994,91.44
Uruguay,URY,1999,91.84
Uruguay,URY,2004,88.29
Uruguay,URY,2009,89.91
Uruguay,URY,2014,90.51
Uruguay,URY,2019,90.13
Uzbekistan,UZB,1990,93.5
Uzbekistan,UZB,1991,94
Uzbekistan,UZB,1995,93.58
Uzbekistan,UZB,1999,93.46
Uzbekistan,UZB,2004,85.1
Uzbekistan,UZB,2007,90.6
Uzbekistan,UZB,2009,88
Uzbekistan,UZB,2010,87.76
Uzbekistan,UZB,2014,88.51
Uzbekistan,UZB,2015,91.08
Uzbekistan,UZB,2016,87.73
Uzbekistan,UZB,2019,67.8
Uzbekistan,UZB,2021,80.42
Vanuatu,VUT,1983,74.9
Vanuatu,VUT,1987,71.64
Vanuatu,VUT,1991,71.3
Vanuatu,VUT,1995,67.95
Vanuatu,VUT,1998,61.61
Vanuatu,VUT,2002,63.47
Vanuatu,VUT,2004,68.58
Vanuatu,VUT,2008,70.38
Vanuatu,VUT,2012,63.22
Vanuatu,VUT,2016,56.47
Vanuatu,VUT,2020,51.29
Venezuela,VEN,1946,86.6
Venezuela,VEN,1958,92.15
Venezuela,VEN,1963,92.21
Venezuela,VEN,1968,96.73
Venezuela,VEN,1973,96.52
Venezuela,VEN,1978,87.55
Venezuela,VEN,1983,87.75
Venezuela,VEN,1988,81.92
Venezuela,VEN,1993,60.16
Venezuela,VEN,1998,63.45
Venezuela,VEN,1999,46.2
Venezuela,VEN,2000,56.31
Venezuela,VEN,2005,25.26
Venezuela,VEN,2006,74.69
Venezuela,VEN,2010,66.42
Venezuela,VEN,2012,80.28
Venezuela,VEN,2013,79.64
Venezuela,VEN,2015,73.76
Venezuela,VEN,2017,41.53
Venezuela,VEN,2018,45.74
Vietnam,VNM,1960,99.9
Vietnam,VNM,1964,97.8
Vietnam,VNM,1971,98.9
Vietnam,VNM,1975,98.26
Vietnam,VNM,1976,98.8
Vietnam,VNM,1981,98
Vietnam,VNM,1987,98.8
Vietnam,VNM,1992,99.1
Vietnam,VNM,1997,99.6
Vietnam,VNM,2002,99
Vietnam,VNM,2007,99.64
Vietnam,VNM,2011,99.51
Vietnam,VNM,2016,99.26
Vietnam,VNM,2021,95.6
Yemen,YEM,1993,80.74
Yemen,YEM,1997,60.71
Yemen,YEM,2003,74.98
Yemen,YEM,2006,65.16
Yemen,YEM,2012,64.78
Zambia,ZMB,1962,90.24
Zambia,ZMB,1964,94.8
Zambia,ZMB,1968,82.47
Zambia,ZMB,1973,39
Zambia,ZMB,1978,66.7
Zambia,ZMB,1991,44.44
Zambia,ZMB,1996,55.52
Zambia,ZMB,2001,67.81
Zambia,ZMB,2006,70.77
Zambia,ZMB,2008,45.43
Zambia,ZMB,2011,53.65
Zambia,ZMB,2015,32.36
Zambia,ZMB,2016,56.45
Zambia,ZMB,2021,70.61
Zanzibar,OWID_ZAN,1957,90.2
Zanzibar,OWID_ZAN,1961,94.4
Zanzibar,OWID_ZAN,1963,99.1
Zanzibar,OWID_ZAN,1995,95.7
Zanzibar,OWID_ZAN,2005,90.8
Zanzibar,OWID_ZAN,2010,89.52
Zanzibar,OWID_ZAN,2015,67.34
Zanzibar,OWID_ZAN,2016,67.9
Zimbabwe,ZWE,1979,63.89
Zimbabwe,ZWE,1995,30.81
Zimbabwe,ZWE,1996,32.3
Zimbabwe,ZWE,2000,48.33
Zimbabwe,ZWE,2002,54.33
Zimbabwe,ZWE,2005,47.66
Zimbabwe,ZWE,2008,42.8
Zimbabwe,ZWE,2013,54.38
Zimbabwe,ZWE,2018,85.16