gatunek,gleba,jakosc_powietrza,temperatura,poziom_nawodnienia,wyksztalcenie_siewki
buk,bielicowa,zla,niska,niski,powodzenie
jodla,bielicowa,zla,niska,niski,powodzenie
swierk,bielicowa,zla,niska,niski,powodzenie
sosna,bielicowa,zla,niska,niski,niepowodzenie
dab,bielicowa,zla,niska,niski,niepowodzenie
brzoza,bielicowa,zla,niska,niski,niepowodzenie
buk,plowa,zla,niska,niski,niepowodzenie
jodla,plowa,zla,niska,niski,powodzenie
swierk,plowa,zla,niska,niski,niepowodzenie
sosna,plowa,zla,niska,niski,uszkodzenie_siewki
dab,plowa,zla,niska,niski,powodzenie
brzoza,plowa,zla,niska,niski,powodzenie
buk,brunatna,zla,niska,niski,niepowodzenie
jodla,brunatna,zla,niska,niski,powodzenie
swierk,brunatna,zla,niska,niski,uszkodzenie_siewki
sosna,brunatna,zla,niska,niski,powodzenie
dab,brunatna,zla,niska,niski,niepowodzenie
brzoza,brunatna,zla,niska,niski,niepowodzenie
buk,czarnoziem,zla,niska,niski,niepowodzenie
jodla,czarnoziem,zla,niska,niski,powodzenie
swierk,czarnoziem,zla,niska,niski,niepowodzenie
sosna,czarnoziem,zla,niska,niski,powodzenie
dab,czarnoziem,zla,niska,niski,niepowodzenie
brzoza,czarnoziem,zla,niska,niski,powodzenie
buk,bielicowa,zla,niska,umiarkowany,niepowodzenie
jodla,bielicowa,zla,niska,umiarkowany,powodzenie
swierk,bielicowa,zla,niska,umiarkowany,niepowodzenie
sosna,bielicowa,zla,niska,umiarkowany,uszkodzenie_siewki
dab,bielicowa,zla,niska,umiarkowany,uszkodzenie_siewki
brzoza,bielicowa,zla,niska,umiarkowany,niepowodzenie
buk,plowa,zla,niska,umiarkowany,niepowodzenie
jodla,plowa,zla,niska,umiarkowany,niepowodzenie
swierk,plowa,zla,niska,umiarkowany,uszkodzenie_siewki
sosna,plowa,zla,niska,umiarkowany,powodzenie
dab,plowa,zla,niska,umiarkowany,powodzenie
brzoza,plowa,zla,niska,umiarkowany,powodzenie
buk,brunatna,zla,niska,umiarkowany,niepowodzenie
jodla,brunatna,zla,niska,umiarkowany,uszkodzenie_siewki
swierk,brunatna,zla,niska,umiarkowany,uszkodzenie_siewki
sosna,brunatna,zla,niska,umiarkowany,powodzenie
dab,brunatna,zla,niska,umiarkowany,niepowodzenie
brzoza,brunatna,zla,niska,umiarkowany,niepowodzenie
buk,czarnoziem,zla,niska,umiarkowany,niepowodzenie
jodla,czarnoziem,zla,niska,umiarkowany,niepowodzenie
swierk,czarnoziem,zla,niska,umiarkowany,uszkodzenie_siewki
sosna,czarnoziem,zla,niska,umiarkowany,niepowodzenie
dab,czarnoziem,zla,niska,umiarkowany,niepowodzenie
brzoza,czarnoziem,zla,niska,umiarkowany,niepowodzenie
buk,bielicowa,zla,niska,wysoki,uszkodzenie_siewki
jodla,bielicowa,zla,niska,wysoki,niepowodzenie
swierk,bielicowa,zla,niska,wysoki,niepowodzenie
sosna,bielicowa,zla,niska,wysoki,niepowodzenie
dab,bielicowa,zla,niska,wysoki,niepowodzenie
brzoza,bielicowa,zla,niska,wysoki,uszkodzenie_siewki
buk,plowa,zla,niska,wysoki,uszkodzenie_siewki
jodla,plowa,zla,niska,wysoki,niepowodzenie
swierk,plowa,zla,niska,wysoki,niepowodzenie
sosna,plowa,zla,niska,wysoki,niepowodzenie
dab,plowa,zla,niska,wysoki,niepowodzenie
brzoza,plowa,zla,niska,wysoki,niepowodzenie
buk,brunatna,zla,niska,wysoki,niepowodzenie
jodla,brunatna,zla,niska,wysoki,niepowodzenie
swierk,brunatna,zla,niska,wysoki,niepowodzenie
sosna,brunatna,zla,niska,wysoki,niepowodzenie
dab,brunatna,zla,niska,wysoki,niepowodzenie
brzoza,brunatna,zla,niska,wysoki,niepowodzenie
buk,czarnoziem,zla,niska,wysoki,niepowodzenie
jodla,czarnoziem,zla,niska,wysoki,niepowodzenie
swierk,czarnoziem,zla,niska,wysoki,niepowodzenie
sosna,czarnoziem,zla,niska,wysoki,powodzenie
dab,czarnoziem,zla,niska,wysoki,niepowodzenie
brzoza,czarnoziem,zla,niska,wysoki,powodzenie
buk,bielicowa,zla,umiarkowana,niski,niepowodzenie
jodla,bielicowa,zla,umiarkowana,niski,powodzenie
swierk,bielicowa,zla,umiarkowana,niski,powodzenie
sosna,bielicowa,zla,umiarkowana,niski,powodzenie
dab,bielicowa,zla,umiarkowana,niski,powodzenie
brzoza,bielicowa,zla,umiarkowana,niski,powodzenie
buk,plowa,zla,umiarkowana,niski,powodzenie
jodla,plowa,zla,umiarkowana,niski,niepowodzenie
swierk,plowa,zla,umiarkowana,niski,powodzenie
sosna,plowa,zla,umiarkowana,niski,uszkodzenie_siewki
dab,plowa,zla,umiarkowana,niski,uszkodzenie_siewki
brzoza,plowa,zla,umiarkowana,niski,niepowodzenie
buk,brunatna,zla,umiarkowana,niski,powodzenie
jodla,brunatna,zla,umiarkowana,niski,powodzenie
swierk,brunatna,zla,umiarkowana,niski,powodzenie
sosna,brunatna,zla,umiarkowana,niski,powodzenie
dab,brunatna,zla,umiarkowana,niski,niepowodzenie
brzoza,brunatna,zla,umiarkowana,niski,niepowodzenie
buk,czarnoziem,zla,umiarkowana,niski,powodzenie
jodla,czarnoziem,zla,umiarkowana,niski,powodzenie
swierk,czarnoziem,zla,umiarkowana,niski,powodzenie
sosna,czarnoziem,zla,umiarkowana,niski,powodzenie
dab,czarnoziem,zla,umiarkowana,niski,uszkodzenie_siewki
brzoza,czarnoziem,zla,umiarkowana,niski,niepowodzenie
buk,bielicowa,zla,umiarkowana,umiarkowany,powodzenie
jodla,bielicowa,zla,umiarkowana,umiarkowany,powodzenie
swierk,bielicowa,zla,umiarkowana,umiarkowany,powodzenie
sosna,bielicowa,zla,umiarkowana,umiarkowany,powodzenie
dab,bielicowa,zla,umiarkowana,umiarkowany,powodzenie
brzoza,bielicowa,zla,umiarkowana,umiarkowany,powodzenie
buk,plowa,zla,umiarkowana,umiarkowany,uszkodzenie_siewki
jodla,plowa,zla,umiarkowana,umiarkowany,uszkodzenie_siewki
swierk,plowa,zla,umiarkowana,umiarkowany,uszkodzenie_siewki
sosna,plowa,zla,umiarkowana,umiarkowany,uszkodzenie_siewki
dab,plowa,zla,umiarkowana,umiarkowany,uszkodzenie_siewki
brzoza,plowa,zla,umiarkowana,umiarkowany,uszkodzenie_siewki
buk,brunatna,zla,umiarkowana,umiarkowany,powodzenie
jodla,brunatna,zla,umiarkowana,umiarkowany,powodzenie
swierk,brunatna,zla,umiarkowana,umiarkowany,powodzenie
sosna,brunatna,zla,umiarkowana,umiarkowany,powodzenie
dab,brunatna,zla,umiarkowana,umiarkowany,niepowodzenie
brzoza,brunatna,zla,umiarkowana,umiarkowany,powodzenie
buk,czarnoziem,zla,umiarkowana,umiarkowany,powodzenie
jodla,czarnoziem,zla,umiarkowana,umiarkowany,powodzenie
swierk,czarnoziem,zla,umiarkowana,umiarkowany,powodzenie
sosna,czarnoziem,zla,umiarkowana,umiarkowany,powodzenie
dab,czarnoziem,zla,umiarkowana,umiarkowany,powodzenie
brzoza,czarnoziem,zla,umiarkowana,umiarkowany,powodzenie
buk,bielicowa,zla,umiarkowana,wysoki,uszkodzenie_siewki
jodla,bielicowa,zla,umiarkowana,wysoki,uszkodzenie_siewki
swierk,bielicowa,zla,umiarkowana,wysoki,powodzenie
sosna,bielicowa,zla,umiarkowana,wysoki,niepowodzenie
dab,bielicowa,zla,umiarkowana,wysoki,powodzenie
brzoza,bielicowa,zla,umiarkowana,wysoki,powodzenie
buk,plowa,zla,umiarkowana,wysoki,niepowodzenie
jodla,plowa,zla,umiarkowana,wysoki,niepowodzenie
swierk,plowa,zla,umiarkowana,wysoki,niepowodzenie
sosna,plowa,zla,umiarkowana,wysoki,niepowodzenie
dab,plowa,zla,umiarkowana,wysoki,niepowodzenie
brzoza,plowa,zla,umiarkowana,wysoki,niepowodzenie
buk,brunatna,zla,umiarkowana,wysoki,niepowodzenie
jodla,brunatna,zla,umiarkowana,wysoki,niepowodzenie
swierk,brunatna,zla,umiarkowana,wysoki,niepowodzenie
sosna,brunatna,zla,umiarkowana,wysoki,niepowodzenie
dab,brunatna,zla,umiarkowana,wysoki,powodzenie
brzoza,brunatna,zla,umiarkowana,wysoki,powodzenie
buk,czarnoziem,zla,umiarkowana,wysoki,niepowodzenie
jodla,czarnoziem,zla,umiarkowana,wysoki,niepowodzenie
swierk,czarnoziem,zla,umiarkowana,wysoki,powodzenie
sosna,czarnoziem,zla,umiarkowana,wysoki,niepowodzenie
dab,czarnoziem,zla,umiarkowana,wysoki,niepowodzenie
brzoza,czarnoziem,zla,umiarkowana,wysoki,niepowodzenie
buk,bielicowa,zla,wysoka,niski,niepowodzenie
jodla,bielicowa,zla,wysoka,niski,niepowodzenie
swierk,bielicowa,zla,wysoka,niski,niepowodzenie
sosna,bielicowa,zla,wysoka,niski,niepowodzenie
dab,bielicowa,zla,wysoka,niski,niepowodzenie
brzoza,bielicowa,zla,wysoka,niski,niepowodzenie
buk,plowa,zla,wysoka,niski,niepowodzenie
jodla,plowa,zla,wysoka,niski,niepowodzenie
swierk,plowa,zla,wysoka,niski,niepowodzenie
sosna,plowa,zla,wysoka,niski,niepowodzenie
dab,plowa,zla,wysoka,niski,powodzenie
brzoza,plowa,zla,wysoka,niski,niepowodzenie
buk,brunatna,zla,wysoka,niski,niepowodzenie
jodla,brunatna,zla,wysoka,niski,niepowodzenie
swierk,brunatna,zla,wysoka,niski,niepowodzenie
sosna,brunatna,zla,wysoka,niski,niepowodzenie
dab,brunatna,zla,wysoka,niski,powodzenie
brzoza,brunatna,zla,wysoka,niski,niepowodzenie
buk,czarnoziem,zla,wysoka,niski,niepowodzenie
jodla,czarnoziem,zla,wysoka,niski,niepowodzenie
swierk,czarnoziem,zla,wysoka,niski,niepowodzenie
sosna,czarnoziem,zla,wysoka,niski,powodzenie
dab,czarnoziem,zla,wysoka,niski,niepowodzenie
brzoza,czarnoziem,zla,wysoka,niski,niepowodzenie
buk,bielicowa,zla,wysoka,umiarkowany,powodzenie
jodla,bielicowa,zla,wysoka,umiarkowany,powodzenie
swierk,bielicowa,zla,wysoka,umiarkowany,powodzenie
sosna,bielicowa,zla,wysoka,umiarkowany,powodzenie
dab,bielicowa,zla,wysoka,umiarkowany,niepowodzenie
brzoza,bielicowa,zla,wysoka,umiarkowany,niepowodzenie
buk,plowa,zla,wysoka,umiarkowany,niepowodzenie
jodla,plowa,zla,wysoka,umiarkowany,powodzenie
swierk,plowa,zla,wysoka,umiarkowany,niepowodzenie
sosna,plowa,zla,wysoka,umiarkowany,powodzenie
dab,plowa,zla,wysoka,umiarkowany,niepowodzenie
brzoza,plowa,zla,wysoka,umiarkowany,powodzenie
buk,brunatna,zla,wysoka,umiarkowany,powodzenie
jodla,brunatna,zla,wysoka,umiarkowany,powodzenie
swierk,brunatna,zla,wysoka,umiarkowany,niepowodzenie
sosna,brunatna,zla,wysoka,umiarkowany,niepowodzenie
dab,brunatna,zla,wysoka,umiarkowany,niepowodzenie
brzoza,brunatna,zla,wysoka,umiarkowany,niepowodzenie
buk,czarnoziem,zla,wysoka,umiarkowany,niepowodzenie
jodla,czarnoziem,zla,wysoka,umiarkowany,niepowodzenie
swierk,czarnoziem,zla,wysoka,umiarkowany,niepowodzenie
sosna,czarnoziem,zla,wysoka,umiarkowany,niepowodzenie
dab,czarnoziem,zla,wysoka,umiarkowany,niepowodzenie
brzoza,czarnoziem,zla,wysoka,umiarkowany,niepowodzenie
buk,bielicowa,zla,wysoka,wysoki,niepowodzenie
jodla,bielicowa,zla,wysoka,wysoki,niepowodzenie
swierk,bielicowa,zla,wysoka,wysoki,niepowodzenie
sosna,bielicowa,zla,wysoka,wysoki,niepowodzenie
dab,bielicowa,zla,wysoka,wysoki,niepowodzenie
brzoza,bielicowa,zla,wysoka,wysoki,powodzenie
buk,plowa,zla,wysoka,wysoki,powodzenie
jodla,plowa,zla,wysoka,wysoki,niepowodzenie
swierk,plowa,zla,wysoka,wysoki,powodzenie
sosna,plowa,zla,wysoka,wysoki,niepowodzenie
dab,plowa,zla,wysoka,wysoki,niepowodzenie
brzoza,plowa,zla,wysoka,wysoki,niepowodzenie
buk,brunatna,zla,wysoka,wysoki,niepowodzenie
jodla,brunatna,zla,wysoka,wysoki,niepowodzenie
swierk,brunatna,zla,wysoka,wysoki,powodzenie
sosna,brunatna,zla,wysoka,wysoki,niepowodzenie
dab,brunatna,zla,wysoka,wysoki,powodzenie
brzoza,brunatna,zla,wysoka,wysoki,niepowodzenie
buk,czarnoziem,zla,wysoka,wysoki,powodzenie
jodla,czarnoziem,zla,wysoka,wysoki,niepowodzenie
swierk,czarnoziem,zla,wysoka,wysoki,niepowodzenie
sosna,czarnoziem,zla,wysoka,wysoki,niepowodzenie
dab,czarnoziem,zla,wysoka,wysoki,niepowodzenie
brzoza,czarnoziem,zla,wysoka,wysoki,niepowodzenie
buk,bielicowa,umiarkowana,niska,niski,niepowodzenie
jodla,bielicowa,umiarkowana,niska,niski,niepowodzenie
swierk,bielicowa,umiarkowana,niska,niski,niepowodzenie
sosna,bielicowa,umiarkowana,niska,niski,niepowodzenie
dab,bielicowa,umiarkowana,niska,niski,niepowodzenie
brzoza,bielicowa,umiarkowana,niska,niski,niepowodzenie
buk,plowa,umiarkowana,niska,niski,niepowodzenie
jodla,plowa,umiarkowana,niska,niski,powodzenie
swierk,plowa,umiarkowana,niska,niski,powodzenie
sosna,plowa,umiarkowana,niska,niski,powodzenie
dab,plowa,umiarkowana,niska,niski,powodzenie
brzoza,plowa,umiarkowana,niska,niski,powodzenie
buk,brunatna,umiarkowana,niska,niski,powodzenie
jodla,brunatna,umiarkowana,niska,niski,powodzenie
swierk,brunatna,umiarkowana,niska,niski,niepowodzenie
sosna,brunatna,umiarkowana,niska,niski,powodzenie
dab,brunatna,umiarkowana,niska,niski,niepowodzenie
brzoza,brunatna,umiarkowana,niska,niski,niepowodzenie
buk,czarnoziem,umiarkowana,niska,niski,niepowodzenie
jodla,czarnoziem,umiarkowana,niska,niski,powodzenie
swierk,czarnoziem,umiarkowana,niska,niski,powodzenie
sosna,czarnoziem,umiarkowana,niska,niski,powodzenie
dab,czarnoziem,umiarkowana,niska,niski,niepowodzenie
brzoza,czarnoziem,umiarkowana,niska,niski,powodzenie
buk,bielicowa,umiarkowana,niska,umiarkowany,niepowodzenie
jodla,bielicowa,umiarkowana,niska,umiarkowany,niepowodzenie
swierk,bielicowa,umiarkowana,niska,umiarkowany,niepowodzenie
sosna,bielicowa,umiarkowana,niska,umiarkowany,niepowodzenie
dab,bielicowa,umiarkowana,niska,umiarkowany,niepowodzenie
brzoza,bielicowa,umiarkowana,niska,umiarkowany,niepowodzenie
buk,plowa,umiarkowana,niska,umiarkowany,niepowodzenie
jodla,plowa,umiarkowana,niska,umiarkowany,niepowodzenie
swierk,plowa,umiarkowana,niska,umiarkowany,powodzenie
sosna,plowa,umiarkowana,niska,umiarkowany,powodzenie
dab,plowa,umiarkowana,niska,umiarkowany,powodzenie
brzoza,plowa,umiarkowana,niska,umiarkowany,powodzenie
buk,brunatna,umiarkowana,niska,umiarkowany,niepowodzenie
jodla,brunatna,umiarkowana,niska,umiarkowany,powodzenie
swierk,brunatna,umiarkowana,niska,umiarkowany,niepowodzenie
sosna,brunatna,umiarkowana,niska,umiarkowany,powodzenie
dab,brunatna,umiarkowana,niska,umiarkowany,niepowodzenie
brzoza,brunatna,umiarkowana,niska,umiarkowany,niepowodzenie
buk,czarnoziem,umiarkowana,niska,umiarkowany,niepowodzenie
jodla,czarnoziem,umiarkowana,niska,umiarkowany,niepowodzenie
swierk,czarnoziem,umiarkowana,niska,umiarkowany,niepowodzenie
sosna,czarnoziem,umiarkowana,niska,umiarkowany,niepowodzenie
dab,czarnoziem,umiarkowana,niska,umiarkowany,niepowodzenie
brzoza,czarnoziem,umiarkowana,niska,umiarkowany,niepowodzenie
buk,bielicowa,umiarkowana,niska,wysoki,niepowodzenie
jodla,bielicowa,umiarkowana,niska,wysoki,niepowodzenie
swierk,bielicowa,umiarkowana,niska,wysoki,niepowodzenie
sosna,bielicowa,umiarkowana,niska,wysoki,niepowodzenie
dab,bielicowa,umiarkowana,niska,wysoki,niepowodzenie
brzoza,bielicowa,umiarkowana,niska,wysoki,niepowodzenie
buk,plowa,umiarkowana,niska,wysoki,niepowodzenie
jodla,plowa,umiarkowana,niska,wysoki,niepowodzenie
swierk,plowa,umiarkowana,niska,wysoki,niepowodzenie
sosna,plowa,umiarkowana,niska,wysoki,niepowodzenie
dab,plowa,umiarkowana,niska,wysoki,niepowodzenie
brzoza,plowa,umiarkowana,niska,wysoki,niepowodzenie
buk,brunatna,umiarkowana,niska,wysoki,niepowodzenie
jodla,brunatna,umiarkowana,niska,wysoki,niepowodzenie
swierk,brunatna,umiarkowana,niska,wysoki,niepowodzenie
sosna,brunatna,umiarkowana,niska,wysoki,niepowodzenie
dab,brunatna,umiarkowana,niska,wysoki,niepowodzenie
brzoza,brunatna,umiarkowana,niska,wysoki,niepowodzenie
buk,czarnoziem,umiarkowana,niska,wysoki,niepowodzenie
jodla,czarnoziem,umiarkowana,niska,wysoki,niepowodzenie
swierk,czarnoziem,umiarkowana,niska,wysoki,niepowodzenie
sosna,czarnoziem,umiarkowana,niska,wysoki,powodzenie
dab,czarnoziem,umiarkowana,niska,wysoki,niepowodzenie
brzoza,czarnoziem,umiarkowana,niska,wysoki,powodzenie
buk,bielicowa,umiarkowana,umiarkowana,niski,niepowodzenie
jodla,bielicowa,umiarkowana,umiarkowana,niski,powodzenie
swierk,bielicowa,umiarkowana,umiarkowana,niski,niepowodzenie
sosna,bielicowa,umiarkowana,umiarkowana,niski,niepowodzenie
dab,bielicowa,umiarkowana,umiarkowana,niski,niepowodzenie
brzoza,bielicowa,umiarkowana,umiarkowana,niski,powodzenie
buk,plowa,umiarkowana,umiarkowana,niski,powodzenie
jodla,plowa,umiarkowana,umiarkowana,niski,niepowodzenie
swierk,plowa,umiarkowana,umiarkowana,niski,powodzenie
sosna,plowa,umiarkowana,umiarkowana,niski,niepowodzenie
dab,plowa,umiarkowana,umiarkowana,niski,niepowodzenie
brzoza,plowa,umiarkowana,umiarkowana,niski,niepowodzenie
buk,brunatna,umiarkowana,umiarkowana,niski,powodzenie
jodla,brunatna,umiarkowana,umiarkowana,niski,powodzenie
swierk,brunatna,umiarkowana,umiarkowana,niski,powodzenie
sosna,brunatna,umiarkowana,umiarkowana,niski,powodzenie
dab,brunatna,umiarkowana,umiarkowana,niski,niepowodzenie
brzoza,brunatna,umiarkowana,umiarkowana,niski,niepowodzenie
buk,czarnoziem,umiarkowana,umiarkowana,niski,powodzenie
jodla,czarnoziem,umiarkowana,umiarkowana,niski,powodzenie
swierk,czarnoziem,umiarkowana,umiarkowana,niski,powodzenie
sosna,czarnoziem,umiarkowana,umiarkowana,niski,powodzenie
dab,czarnoziem,umiarkowana,umiarkowana,niski,powodzenie
brzoza,czarnoziem,umiarkowana,umiarkowana,niski,powodzenie
buk,bielicowa,umiarkowana,umiarkowana,umiarkowany,powodzenie
jodla,bielicowa,umiarkowana,umiarkowana,umiarkowany,powodzenie
swierk,bielicowa,umiarkowana,umiarkowana,umiarkowany,niepowodzenie
sosna,bielicowa,umiarkowana,umiarkowana,umiarkowany,niepowodzenie
dab,bielicowa,umiarkowana,umiarkowana,umiarkowany,niepowodzenie
brzoza,bielicowa,umiarkowana,umiarkowana,umiarkowany,niepowodzenie
buk,plowa,umiarkowana,umiarkowana,umiarkowany,niepowodzenie
jodla,plowa,umiarkowana,umiarkowana,umiarkowany,powodzenie
swierk,plowa,umiarkowana,umiarkowana,umiarkowany,powodzenie
sosna,plowa,umiarkowana,umiarkowana,umiarkowany,powodzenie
dab,plowa,umiarkowana,umiarkowana,umiarkowany,powodzenie
brzoza,plowa,umiarkowana,umiarkowana,umiarkowany,powodzenie
buk,brunatna,umiarkowana,umiarkowana,umiarkowany,powodzenie
jodla,brunatna,umiarkowana,umiarkowana,umiarkowany,powodzenie
swierk,brunatna,umiarkowana,umiarkowana,umiarkowany,powodzenie
sosna,brunatna,umiarkowana,umiarkowana,umiarkowany,powodzenie
dab,brunatna,umiarkowana,umiarkowana,umiarkowany,powodzenie
brzoza,brunatna,umiarkowana,umiarkowana,umiarkowany,powodzenie
buk,czarnoziem,umiarkowana,umiarkowana,umiarkowany,powodzenie
jodla,czarnoziem,umiarkowana,umiarkowana,umiarkowany,powodzenie
swierk,czarnoziem,umiarkowana,umiarkowana,umiarkowany,powodzenie
sosna,czarnoziem,umiarkowana,umiarkowana,umiarkowany,powodzenie
dab,czarnoziem,umiarkowana,umiarkowana,umiarkowany,powodzenie
brzoza,czarnoziem,umiarkowana,umiarkowana,umiarkowany,powodzenie
buk,bielicowa,umiarkowana,umiarkowana,wysoki,powodzenie
jodla,bielicowa,umiarkowana,umiarkowana,wysoki,powodzenie
swierk,bielicowa,umiarkowana,umiarkowana,wysoki,powodzenie
sosna,bielicowa,umiarkowana,umiarkowana,wysoki,niepowodzenie
dab,bielicowa,umiarkowana,umiarkowana,wysoki,powodzenie
brzoza,bielicowa,umiarkowana,umiarkowana,wysoki,powodzenie
buk,plowa,umiarkowana,umiarkowana,wysoki,niepowodzenie
jodla,plowa,umiarkowana,umiarkowana,wysoki,niepowodzenie
swierk,plowa,umiarkowana,umiarkowana,wysoki,niepowodzenie
sosna,plowa,umiarkowana,umiarkowana,wysoki,niepowodzenie
dab,plowa,umiarkowana,umiarkowana,wysoki,niepowodzenie
brzoza,plowa,umiarkowana,umiarkowana,wysoki,powodzenie
buk,brunatna,umiarkowana,umiarkowana,wysoki,powodzenie
jodla,brunatna,umiarkowana,umiarkowana,wysoki,powodzenie
swierk,brunatna,umiarkowana,umiarkowana,wysoki,powodzenie
sosna,brunatna,umiarkowana,umiarkowana,wysoki,niepowodzenie
dab,brunatna,umiarkowana,umiarkowana,wysoki,powodzenie
brzoza,brunatna,umiarkowana,umiarkowana,wysoki,powodzenie
buk,czarnoziem,umiarkowana,umiarkowana,wysoki,niepowodzenie
jodla,czarnoziem,umiarkowana,umiarkowana,wysoki,niepowodzenie
swierk,czarnoziem,umiarkowana,umiarkowana,wysoki,powodzenie
sosna,czarnoziem,umiarkowana,umiarkowana,wysoki,niepowodzenie
dab,czarnoziem,umiarkowana,umiarkowana,wysoki,niepowodzenie
brzoza,czarnoziem,umiarkowana,umiarkowana,wysoki,niepowodzenie
buk,bielicowa,umiarkowana,wysoka,niski,niepowodzenie
jodla,bielicowa,umiarkowana,wysoka,niski,niepowodzenie
swierk,bielicowa,umiarkowana,wysoka,niski,niepowodzenie
sosna,bielicowa,umiarkowana,wysoka,niski,niepowodzenie
dab,bielicowa,umiarkowana,wysoka,niski,niepowodzenie
brzoza,bielicowa,umiarkowana,wysoka,niski,niepowodzenie
buk,plowa,umiarkowana,wysoka,niski,niepowodzenie
jodla,plowa,umiarkowana,wysoka,niski,niepowodzenie
swierk,plowa,umiarkowana,wysoka,niski,niepowodzenie
sosna,plowa,umiarkowana,wysoka,niski,niepowodzenie
dab,plowa,umiarkowana,wysoka,niski,powodzenie
brzoza,plowa,umiarkowana,wysoka,niski,niepowodzenie
buk,brunatna,umiarkowana,wysoka,niski,niepowodzenie
jodla,brunatna,umiarkowana,wysoka,niski,niepowodzenie
swierk,brunatna,umiarkowana,wysoka,niski,niepowodzenie
sosna,brunatna,umiarkowana,wysoka,niski,niepowodzenie
dab,brunatna,umiarkowana,wysoka,niski,powodzenie
brzoza,brunatna,umiarkowana,wysoka,niski,niepowodzenie
buk,czarnoziem,umiarkowana,wysoka,niski,niepowodzenie
jodla,czarnoziem,umiarkowana,wysoka,niski,niepowodzenie
swierk,czarnoziem,umiarkowana,wysoka,niski,niepowodzenie
sosna,czarnoziem,umiarkowana,wysoka,niski,powodzenie
dab,czarnoziem,umiarkowana,wysoka,niski,niepowodzenie
brzoza,czarnoziem,umiarkowana,wysoka,niski,niepowodzenie
buk,bielicowa,umiarkowana,wysoka,umiarkowany,powodzenie
jodla,bielicowa,umiarkowana,wysoka,umiarkowany,powodzenie
swierk,bielicowa,umiarkowana,wysoka,umiarkowany,powodzenie
sosna,bielicowa,umiarkowana,wysoka,umiarkowany,powodzenie
dab,bielicowa,umiarkowana,wysoka,umiarkowany,niepowodzenie
brzoza,bielicowa,umiarkowana,wysoka,umiarkowany,niepowodzenie
buk,plowa,umiarkowana,wysoka,umiarkowany,niepowodzenie
jodla,plowa,umiarkowana,wysoka,umiarkowany,powodzenie
swierk,plowa,umiarkowana,wysoka,umiarkowany,niepowodzenie
sosna,plowa,umiarkowana,wysoka,umiarkowany,powodzenie
dab,plowa,umiarkowana,wysoka,umiarkowany,niepowodzenie
brzoza,plowa,umiarkowana,wysoka,umiarkowany,powodzenie
buk,brunatna,umiarkowana,wysoka,umiarkowany,powodzenie
jodla,brunatna,umiarkowana,wysoka,umiarkowany,powodzenie
swierk,brunatna,umiarkowana,wysoka,umiarkowany,niepowodzenie
sosna,brunatna,umiarkowana,wysoka,umiarkowany,powodzenie
dab,brunatna,umiarkowana,wysoka,umiarkowany,niepowodzenie
brzoza,brunatna,umiarkowana,wysoka,umiarkowany,powodzenie
buk,czarnoziem,umiarkowana,wysoka,umiarkowany,niepowodzenie
jodla,czarnoziem,umiarkowana,wysoka,umiarkowany,powodzenie
swierk,czarnoziem,umiarkowana,wysoka,umiarkowany,powodzenie
sosna,czarnoziem,umiarkowana,wysoka,umiarkowany,powodzenie
dab,czarnoziem,umiarkowana,wysoka,umiarkowany,niepowodzenie
brzoza,czarnoziem,umiarkowana,wysoka,umiarkowany,powodzenie
buk,bielicowa,umiarkowana,wysoka,wysoki,niepowodzenie
jodla,bielicowa,umiarkowana,wysoka,wysoki,powodzenie
swierk,bielicowa,umiarkowana,wysoka,wysoki,niepowodzenie
sosna,bielicowa,umiarkowana,wysoka,wysoki,niepowodzenie
dab,bielicowa,umiarkowana,wysoka,wysoki,niepowodzenie
brzoza,bielicowa,umiarkowana,wysoka,wysoki,powodzenie
buk,plowa,umiarkowana,wysoka,wysoki,powodzenie
jodla,plowa,umiarkowana,wysoka,wysoki,niepowodzenie
swierk,plowa,umiarkowana,wysoka,wysoki,powodzenie
sosna,plowa,umiarkowana,wysoka,wysoki,niepowodzenie
dab,plowa,umiarkowana,wysoka,wysoki,niepowodzenie
brzoza,plowa,umiarkowana,wysoka,wysoki,niepowodzenie
buk,brunatna,umiarkowana,wysoka,wysoki,niepowodzenie
jodla,brunatna,umiarkowana,wysoka,wysoki,niepowodzenie
swierk,brunatna,umiarkowana,wysoka,wysoki,powodzenie
sosna,brunatna,umiarkowana,wysoka,wysoki,niepowodzenie
dab,brunatna,umiarkowana,wysoka,wysoki,powodzenie
brzoza,brunatna,umiarkowana,wysoka,wysoki,niepowodzenie
buk,czarnoziem,umiarkowana,wysoka,wysoki,powodzenie
jodla,czarnoziem,umiarkowana,wysoka,wysoki,powodzenie
swierk,czarnoziem,umiarkowana,wysoka,wysoki,niepowodzenie
sosna,czarnoziem,umiarkowana,wysoka,wysoki,powodzenie
dab,czarnoziem,umiarkowana,wysoka,wysoki,powodzenie
brzoza,czarnoziem,umiarkowana,wysoka,wysoki,powodzenie
buk,bielicowa,dobra,niska,niski,powodzenie
jodla,bielicowa,dobra,niska,niski,powodzenie
swierk,bielicowa,dobra,niska,niski,powodzenie
sosna,bielicowa,dobra,niska,niski,niepowodzenie
dab,bielicowa,dobra,niska,niski,niepowodzenie
brzoza,bielicowa,dobra,niska,niski,niepowodzenie
buk,plowa,dobra,niska,niski,niepowodzenie
jodla,plowa,dobra,niska,niski,powodzenie
swierk,plowa,dobra,niska,niski,powodzenie
sosna,plowa,dobra,niska,niski,powodzenie
dab,plowa,dobra,niska,niski,powodzenie
brzoza,plowa,dobra,niska,niski,powodzenie
buk,brunatna,dobra,niska,niski,powodzenie
jodla,brunatna,dobra,niska,niski,powodzenie
swierk,brunatna,dobra,niska,niski,niepowodzenie
sosna,brunatna,dobra,niska,niski,powodzenie
dab,brunatna,dobra,niska,niski,niepowodzenie
brzoza,brunatna,dobra,niska,niski,niepowodzenie
buk,czarnoziem,dobra,niska,niski,niepowodzenie
jodla,czarnoziem,dobra,niska,niski,powodzenie
swierk,czarnoziem,dobra,niska,niski,powodzenie
sosna,czarnoziem,dobra,niska,niski,powodzenie
dab,czarnoziem,dobra,niska,niski,niepowodzenie
brzoza,czarnoziem,dobra,niska,niski,powodzenie
buk,bielicowa,dobra,niska,umiarkowany,niepowodzenie
jodla,bielicowa,dobra,niska,umiarkowany,powodzenie
swierk,bielicowa,dobra,niska,umiarkowany,niepowodzenie
sosna,bielicowa,dobra,niska,umiarkowany,niepowodzenie
dab,bielicowa,dobra,niska,umiarkowany,powodzenie
brzoza,bielicowa,dobra,niska,umiarkowany,niepowodzenie
buk,plowa,dobra,niska,umiarkowany,niepowodzenie
jodla,plowa,dobra,niska,umiarkowany,niepowodzenie
swierk,plowa,dobra,niska,umiarkowany,powodzenie
sosna,plowa,dobra,niska,umiarkowany,powodzenie
dab,plowa,dobra,niska,umiarkowany,powodzenie
brzoza,plowa,dobra,niska,umiarkowany,powodzenie
buk,brunatna,dobra,niska,umiarkowany,niepowodzenie
jodla,brunatna,dobra,niska,umiarkowany,powodzenie
swierk,brunatna,dobra,niska,umiarkowany,niepowodzenie
sosna,brunatna,dobra,niska,umiarkowany,powodzenie
dab,brunatna,dobra,niska,umiarkowany,niepowodzenie
brzoza,brunatna,dobra,niska,umiarkowany,niepowodzenie
buk,czarnoziem,dobra,niska,umiarkowany,niepowodzenie
jodla,czarnoziem,dobra,niska,umiarkowany,niepowodzenie
swierk,czarnoziem,dobra,niska,umiarkowany,niepowodzenie
sosna,czarnoziem,dobra,niska,umiarkowany,niepowodzenie
dab,czarnoziem,dobra,niska,umiarkowany,niepowodzenie
brzoza,czarnoziem,dobra,niska,umiarkowany,niepowodzenie
buk,bielicowa,dobra,niska,wysoki,niepowodzenie
jodla,bielicowa,dobra,niska,wysoki,niepowodzenie
swierk,bielicowa,dobra,niska,wysoki,niepowodzenie
sosna,bielicowa,dobra,niska,wysoki,niepowodzenie
dab,bielicowa,dobra,niska,wysoki,niepowodzenie
brzoza,bielicowa,dobra,niska,wysoki,niepowodzenie
buk,plowa,dobra,niska,wysoki,niepowodzenie
jodla,plowa,dobra,niska,wysoki,niepowodzenie
swierk,plowa,dobra,niska,wysoki,niepowodzenie
sosna,plowa,dobra,niska,wysoki,niepowodzenie
dab,plowa,dobra,niska,wysoki,niepowodzenie
brzoza,plowa,dobra,niska,wysoki,niepowodzenie
buk,brunatna,dobra,niska,wysoki,niepowodzenie
jodla,brunatna,dobra,niska,wysoki,niepowodzenie
swierk,brunatna,dobra,niska,wysoki,niepowodzenie
sosna,brunatna,dobra,niska,wysoki,niepowodzenie
dab,brunatna,dobra,niska,wysoki,niepowodzenie
brzoza,brunatna,dobra,niska,wysoki,niepowodzenie
buk,czarnoziem,dobra,niska,wysoki,niepowodzenie
jodla,czarnoziem,dobra,niska,wysoki,niepowodzenie
swierk,czarnoziem,dobra,niska,wysoki,niepowodzenie
sosna,czarnoziem,dobra,niska,wysoki,powodzenie
dab,czarnoziem,dobra,niska,wysoki,niepowodzenie
brzoza,czarnoziem,dobra,niska,wysoki,powodzenie
buk,bielicowa,dobra,umiarkowana,niski,niepowodzenie
jodla,bielicowa,dobra,umiarkowana,niski,powodzenie
swierk,bielicowa,dobra,umiarkowana,niski,powodzenie
sosna,bielicowa,dobra,umiarkowana,niski,powodzenie
dab,bielicowa,dobra,umiarkowana,niski,powodzenie
brzoza,bielicowa,dobra,umiarkowana,niski,powodzenie
buk,plowa,dobra,umiarkowana,niski,powodzenie
jodla,plowa,dobra,umiarkowana,niski,niepowodzenie
swierk,plowa,dobra,umiarkowana,niski,powodzenie
sosna,plowa,dobra,umiarkowana,niski,niepowodzenie
dab,plowa,dobra,umiarkowana,niski,niepowodzenie
brzoza,plowa,dobra,umiarkowana,niski,niepowodzenie
buk,brunatna,dobra,umiarkowana,niski,powodzenie
jodla,brunatna,dobra,umiarkowana,niski,powodzenie
swierk,brunatna,dobra,umiarkowana,niski,powodzenie
sosna,brunatna,dobra,umiarkowana,niski,powodzenie
dab,brunatna,dobra,umiarkowana,niski,niepowodzenie
brzoza,brunatna,dobra,umiarkowana,niski,niepowodzenie
buk,czarnoziem,dobra,umiarkowana,niski,powodzenie
jodla,czarnoziem,dobra,umiarkowana,niski,powodzenie
swierk,czarnoziem,dobra,umiarkowana,niski,powodzenie
sosna,czarnoziem,dobra,umiarkowana,niski,powodzenie
dab,czarnoziem,dobra,umiarkowana,niski,powodzenie
brzoza,czarnoziem,dobra,umiarkowana,niski,powodzenie
buk,bielicowa,dobra,umiarkowana,umiarkowany,powodzenie
jodla,bielicowa,dobra,umiarkowana,umiarkowany,powodzenie
swierk,bielicowa,dobra,umiarkowana,umiarkowany,powodzenie
sosna,bielicowa,dobra,umiarkowana,umiarkowany,powodzenie
dab,bielicowa,dobra,umiarkowana,umiarkowany,powodzenie
brzoza,bielicowa,dobra,umiarkowana,umiarkowany,powodzenie
buk,plowa,dobra,umiarkowana,umiarkowany,powodzenie
jodla,plowa,dobra,umiarkowana,umiarkowany,powodzenie
swierk,plowa,dobra,umiarkowana,umiarkowany,powodzenie
sosna,plowa,dobra,umiarkowana,umiarkowany,powodzenie
dab,plowa,dobra,umiarkowana,umiarkowany,powodzenie
brzoza,plowa,dobra,umiarkowana,umiarkowany,powodzenie
buk,brunatna,dobra,umiarkowana,umiarkowany,powodzenie
jodla,brunatna,dobra,umiarkowana,umiarkowany,powodzenie
swierk,brunatna,dobra,umiarkowana,umiarkowany,powodzenie
sosna,brunatna,dobra,umiarkowana,umiarkowany,powodzenie
dab,brunatna,dobra,umiarkowana,umiarkowany,powodzenie
brzoza,brunatna,dobra,umiarkowana,umiarkowany,powodzenie
buk,czarnoziem,dobra,umiarkowana,umiarkowany,powodzenie
jodla,czarnoziem,dobra,umiarkowana,umiarkowany,powodzenie
swierk,czarnoziem,dobra,umiarkowana,umiarkowany,powodzenie
sosna,czarnoziem,dobra,umiarkowana,umiarkowany,powodzenie
dab,czarnoziem,dobra,umiarkowana,umiarkowany,powodzenie
brzoza,czarnoziem,dobra,umiarkowana,umiarkowany,powodzenie
buk,bielicowa,dobra,umiarkowana,wysoki,powodzenie
jodla,bielicowa,dobra,umiarkowana,wysoki,powodzenie
swierk,bielicowa,dobra,umiarkowana,wysoki,powodzenie
sosna,bielicowa,dobra,umiarkowana,wysoki,niepowodzenie
dab,bielicowa,dobra,umiarkowana,wysoki,powodzenie
brzoza,bielicowa,dobra,umiarkowana,wysoki,powodzenie
buk,plowa,dobra,umiarkowana,wysoki,niepowodzenie
jodla,plowa,dobra,umiarkowana,wysoki,niepowodzenie
swierk,plowa,dobra,umiarkowana,wysoki,niepowodzenie
sosna,plowa,dobra,umiarkowana,wysoki,niepowodzenie
dab,plowa,dobra,umiarkowana,wysoki,niepowodzenie
brzoza,plowa,dobra,umiarkowana,wysoki,powodzenie
buk,brunatna,dobra,umiarkowana,wysoki,powodzenie
jodla,brunatna,dobra,umiarkowana,wysoki,powodzenie
swierk,brunatna,dobra,umiarkowana,wysoki,powodzenie
sosna,brunatna,dobra,umiarkowana,wysoki,niepowodzenie
dab,brunatna,dobra,umiarkowana,wysoki,powodzenie
brzoza,brunatna,dobra,umiarkowana,wysoki,powodzenie
buk,czarnoziem,dobra,umiarkowana,wysoki,niepowodzenie
jodla,czarnoziem,dobra,umiarkowana,wysoki,niepowodzenie
swierk,czarnoziem,dobra,umiarkowana,wysoki,powodzenie
sosna,czarnoziem,dobra,umiarkowana,wysoki,niepowodzenie
dab,czarnoziem,dobra,umiarkowana,wysoki,niepowodzenie
brzoza,czarnoziem,dobra,umiarkowana,wysoki,niepowodzenie
buk,bielicowa,dobra,wysoka,niski,niepowodzenie
jodla,bielicowa,dobra,wysoka,niski,niepowodzenie
swierk,bielicowa,dobra,wysoka,niski,niepowodzenie
sosna,bielicowa,dobra,wysoka,niski,niepowodzenie
dab,bielicowa,dobra,wysoka,niski,niepowodzenie
brzoza,bielicowa,dobra,wysoka,niski,niepowodzenie
buk,plowa,dobra,wysoka,niski,niepowodzenie
jodla,plowa,dobra,wysoka,niski,niepowodzenie
swierk,plowa,dobra,wysoka,niski,niepowodzenie
sosna,plowa,dobra,wysoka,niski,niepowodzenie
dab,plowa,dobra,wysoka,niski,powodzenie
brzoza,plowa,dobra,wysoka,niski,niepowodzenie
buk,brunatna,dobra,wysoka,niski,niepowodzenie
jodla,brunatna,dobra,wysoka,niski,niepowodzenie
swierk,brunatna,dobra,wysoka,niski,niepowodzenie
sosna,brunatna,dobra,wysoka,niski,niepowodzenie
dab,brunatna,dobra,wysoka,niski,powodzenie
brzoza,brunatna,dobra,wysoka,niski,niepowodzenie
buk,czarnoziem,dobra,wysoka,niski,niepowodzenie
jodla,czarnoziem,dobra,wysoka,niski,niepowodzenie
swierk,czarnoziem,dobra,wysoka,niski,niepowodzenie
sosna,czarnoziem,dobra,wysoka,niski,powodzenie
dab,czarnoziem,dobra,wysoka,niski,niepowodzenie
brzoza,czarnoziem,dobra,wysoka,niski,niepowodzenie
buk,bielicowa,dobra,wysoka,umiarkowany,powodzenie
jodla,bielicowa,dobra,wysoka,umiarkowany,powodzenie
swierk,bielicowa,dobra,wysoka,umiarkowany,powodzenie
sosna,bielicowa,dobra,wysoka,umiarkowany,powodzenie
dab,bielicowa,dobra,wysoka,umiarkowany,niepowodzenie
brzoza,bielicowa,dobra,wysoka,umiarkowany,niepowodzenie
buk,plowa,dobra,wysoka,umiarkowany,niepowodzenie
jodla,plowa,dobra,wysoka,umiarkowany,powodzenie
swierk,plowa,dobra,wysoka,umiarkowany,niepowodzenie
sosna,plowa,dobra,wysoka,umiarkowany,powodzenie
dab,plowa,dobra,wysoka,umiarkowany,niepowodzenie
brzoza,plowa,dobra,wysoka,umiarkowany,powodzenie
buk,brunatna,dobra,wysoka,umiarkowany,powodzenie
jodla,brunatna,dobra,wysoka,umiarkowany,powodzenie
swierk,brunatna,dobra,wysoka,umiarkowany,niepowodzenie
sosna,brunatna,dobra,wysoka,umiarkowany,powodzenie
dab,brunatna,dobra,wysoka,umiarkowany,niepowodzenie
brzoza,brunatna,dobra,wysoka,umiarkowany,powodzenie
buk,czarnoziem,dobra,wysoka,umiarkowany,niepowodzenie
jodla,czarnoziem,dobra,wysoka,umiarkowany,powodzenie
swierk,czarnoziem,dobra,wysoka,umiarkowany,powodzenie
sosna,czarnoziem,dobra,wysoka,umiarkowany,powodzenie
dab,czarnoziem,dobra,wysoka,umiarkowany,niepowodzenie
brzoza,czarnoziem,dobra,wysoka,umiarkowany,powodzenie
buk,bielicowa,dobra,wysoka,wysoki,niepowodzenie
jodla,bielicowa,dobra,wysoka,wysoki,powodzenie
swierk,bielicowa,dobra,wysoka,wysoki,niepowodzenie
sosna,bielicowa,dobra,wysoka,wysoki,niepowodzenie
dab,bielicowa,dobra,wysoka,wysoki,niepowodzenie
brzoza,bielicowa,dobra,wysoka,wysoki,powodzenie
buk,plowa,dobra,wysoka,wysoki,powodzenie
jodla,plowa,dobra,wysoka,wysoki,niepowodzenie
swierk,plowa,dobra,wysoka,wysoki,powodzenie
sosna,plowa,dobra,wysoka,wysoki,niepowodzenie
dab,plowa,dobra,wysoka,wysoki,niepowodzenie
brzoza,plowa,dobra,wysoka,wysoki,niepowodzenie
buk,brunatna,dobra,wysoka,wysoki,niepowodzenie
jodla,brunatna,dobra,wysoka,wysoki,niepowodzenie
swierk,brunatna,dobra,wysoka,wysoki,powodzenie
sosna,brunatna,dobra,wysoka,wysoki,niepowodzenie
dab,brunatna,dobra,wysoka,wysoki,powodzenie
brzoza,brunatna,dobra,wysoka,wysoki,niepowodzenie
buk,czarnoziem,dobra,wysoka,wysoki,powodzenie
jodla,czarnoziem,dobra,wysoka,wysoki,powodzenie
swierk,czarnoziem,dobra,wysoka,wysoki,niepowodzenie
sosna,czarnoziem,dobra,wysoka,wysoki,powodzenie
dab,czarnoziem,dobra,wysoka,wysoki,powodzenie
brzoza,czarnoziem,dobra,wysoka,wysoki,powodzenie
